code,product_name,product_language,target_language,image_path,image_url,reference_ingredients,declared_allergens,trace_allergens,manual_transcription,manual_transcription_notes,annotation_status
20003166,FLOCONS D'AVOINE,en,de,final_images/20003166_de_ec5b6a0c.jpg,https://images.openfoodfacts.org/images/products/000/002/000/3166/ingredients_de.413.400.jpg,"Hafervollkornflocken Kleinblatt Zutaten: 100 % Hafervollkornflocken, Kann Spuren von Weizen, Roggen und Gerste enthalten, Vielseitig verwendbar: z, B, für Müslis und zum Backen, Vor Wärme schützen und trocken lagern, Aufbewahrung möglichst im geschlossenen Behälter, Ungeöffnet mindestens haltbar bis: siehe Verpackungsoberseite, Avena Cerealien GmbH Mühlenstr, 1c P-19357 Karstädt 500 ge",wheat_gluten,wheat_gluten,"Zutaten: 100 % Hafervollkornflocken.
Kann Spuren von Weizen, Roggen und
Gerste enthalten.",,complete
20303013,,fr,de,final_images/20303013_de_44521c94.jpg,https://images.openfoodfacts.org/images/products/000/002/030/3013/ingredients_de.14.400.jpg,"IVA DALITÄTEN ONIER SES EIS 04.2025 LUE3102 01:18 2,5L EIS NACH ART FÜRST PÜCKLER Bourbon-Vanille-Eis, Schokoladeneis und Eis mit Erdbeere Glace à la vanille Bourbon, glace au cacao maigre et glace à la fraise ALLIANC ANCE 3 PEOPLE & NATURE S Cocoa",,,,"No ingredient list visible on this image - it is a front/lid photo of the ice cream tub only (product name ""Eis nach Art Fuerst Pueckler"", flavor description, date/batch code 04.2025 LUE3102 01:18, volume 2,5L). Previously contained oat-flakes text copied from product 20003166 in error; cleared, not replaced with invented content. Excluded from evaluation - no genuine ground truth available on this image.",incomplete
3046920016377,100% Cacao,nl,de,final_images/3046920016377_de_99f1c12b.jpg,https://images.openfoodfacts.org/images/products/304/692/001/6377/ingredients_de.73.400.jpg,"Kakaomasse, Kakaobutter, fettarmer Kakao. Kann Schalenfrüchte, Milch und Soja enthalten.",soy,milk|soy|tree_nut,"Zutaten: Kakaomasse, Kakaobutter, fettarmer Kakao.
Kann Schalenfrüchte, Milch und Soja enthalten.",Corrected: previously contained oat-flakes text copied from product 20003166 in error. Verified against the actual 100% cacao chocolate label image.,complete
5411188118961,Nature aux Amandes - Végétal soja & amande,fr,de,final_images/5411188118961_de_a28c340a.jpg,https://images.openfoodfacts.org/images/products/541/118/811/8961/ingredients_de.221.400.jpg,"Sojabasis (Wasser, geschälte Sojabohnen (9,8%)), Zucker, Mandeln (1,5%), Tricalciumcitrat, Säureregulatoren (Natriumcitrate, Citronensäure), Stabilisator (Pektine), natürliches Aroma, Meersalz, Antioxidationsmittel (stark tocopherolhaltige Extrakte, Fettsäureester der Ascorbinsäure), Aroma, Vitamine (B12, E, D2), Joghurtkulturen (Str. thermophilus, L. bulgaricus)",soy|tree_nut,tree_nut,"ZUTATEN: Sojabasis (Wasser, geschälte Sojabohnen (9.8%)), Zucker, Mandeln (1.5%), Tricalciumcitrat, Säureregulatoren (Natriumcitrate, Citronensäure), Stabilisator (Pektine], natürliches Aroma, Meersalz Antioxidationsmittel (stark tocopherolhaltige Extrakte, Fettsäureester der Ascorbinsäure].
Aroma, Vitamine (B12, E. D2), Joghurtkulturen (Str. thermophilus, L.",,complete
5411188130055,"Alpro Sojadrink, Schokoladen-Geschmack, Protein 1L",de,de,final_images/5411188130055_de_6043c419.jpg,https://images.openfoodfacts.org/images/products/541/118/813/0055/ingredients_de.135.400.jpg,"SOJABASIS (Wasser, geschälte SOJABOHNEN (12%)), Zucker, Magerkakao (1,6%), Calciumcarbonat, Aromen, Meersalz, Säureregulator (Kaliumphosphate), Stabilisator (Gellan), Vitamine (B2, D2). Von Natur aus gluten - und laktosefrei.",soy,,"Sojadrink, Schokoladengeschmack, angereichert mit Calcium und Vitaminen.
ZUTATEN: Sojabasis (Wasser, geschälte Sojabonen (12%)), Zucker, Magerkakao* (1,6%), Calciumcarbonat, Aromen, Meer-salz, Saureregulator (Kaliumphosphate), Stabilisator (Gellan), Vitamine (B2, D2).
*Rainforest Alliance-zertifiziert. www.ra.org
Von Natur aus gluten- und laktosefrei.
Ohne",,complete
3155251205296,Tartine Doux,fr,en,final_images/3155251205296_en_cc0871a0.jpg,https://images.openfoodfacts.org/images/products/315/525/120/5296/ingredients_en.191.400.jpg,"non-hydrogenated vegetable oils 54% (rapeseed from france, coconut, palm, palm kernel, flax), water, emulsifiers (mono and diglycerides of fatty acids, sunflower lecithin), salt, natural flavours, antioxidant (rosemary extract), concentrated lemon juice, colour (beta-carotene), vitamin b1,",,,"Nos ingrédients : Huiles végétales non hydrogénées 54% (de colza origine
France*
, coco*
Tournesol), sel palme*
, coco"", palme"", palmiste"", lin*), eau, émulsifiant (lécithines de I, arômes naturels, jus de citron concentré*.
, antioxydant
(extrait de romarin*), colorant (bêta-carotène), vitamine B1. ""Ingrédients d'origine végétale.",,complete
3165433724019,Cassonade pure canne,en,en,final_images/3165433724019_en_1d199f10.jpg,https://images.openfoodfacts.org/images/products/316/543/372/4019/ingredients_en.81.400.jpg,100% pure brown sugar,,,Sucre roux pure canne non raffiné,,complete
3182180002115,Grilletine Blé Complet,en,en,final_images/3182180002115_en_32644eee.jpg,https://images.openfoodfacts.org/images/products/318/218/000/2115/ingredients_en.38.400.jpg,"wheat  flour 62%, wholegrain cereals 16% (whole  wheat  flour 15%, whole  rye  flour 1%), sunflower oil, sugar,  wheat  bran, yeast, wheat  gluten , skimmed  milk  powder, malted  barley  flour, salt,  barley  malt extract,  wheat  semolina, emulsifiers: mono - and diglycerides of fatty acids, flour treatment agent: ascorbic acid",milk|wheat_gluten,egg|peanut|soy|tree_nut,"(G8) Wholemeal wheat Grilletine - 18 mini grilled toasts - Twiced baked
INGREDIENTS: WHEAT flour 62% -Wholegrain cereals 16% (whole WHEAT flour 15%, whole RYE flour 1%)-Sunflower oll - Sugar-WHEAT bran- Yeast - Wheat GLUTEN - Skimmed MILK powder - Malted BARLEY flour Salt - BARLEY malt extract - WHEAT semolina -Emulifiers: Mono-and diglycerides of fatty acids - Flour treatment agent: ascorbic acid. This product contains WHEAT, RYE, GLUTEN, MILK and BARLEY. This product may contain peanuts, nuts, eggs, sesame seeds and soya. Store in a cool dry place. Best before end / Batch number:",,complete
3274080005003,isabelle,fr,en,final_images/3274080005003_en_09a7ffd0.jpg,https://images.openfoodfacts.org/images/products/327/408/000/5003/ingredients_en.748.400.jpg,"Eau de source Noemie

Calcium Ca2+ 113 mg/l
Magnesium Mg2+ 228 mg/l
Sodium Na 7 mg/l
Potassium K 2 mg/l
Silice SiOz 15 mg/l
Bicarbonates HCO3 - 447 mg/l
Sulfates SO42 - 53 mg/l
Chlorure Cl - 8 mg/l
Nitrates NO3 - &lt;2 mg/l
Fluor F - &lt;1 mg/l
pH 7.3",,,,,incomplete
3760049790214,Pain De Mie Bio,en,en,final_images/3760049790214_en_e9087527.jpg,https://images.openfoodfacts.org/images/products/376/004/979/0214/ingredients_en.158.400.jpg,"wheat flour* 44%, water, whole wheat flour* 13%, brown cane sugar*, yeast, rapeseed oil*, apple cider vinegar*, wheat bran*, salt, wheat gluten*, ascorbic acid, possible traces of soy",wheat_gluten,soy,"Farine de blé*, eau, farine complète de blé* 13%, sucre de canne roux*, levure, huile de colza *, vinaigre de cidre*,
*, son de blé*,
*, sel,
juten de blé*, agent de traitement de la farine : acide ascorbique.
Traces éventuelles de soja.
*Ingrédients issus de l'agriculture biologique.",,complete
4056489361855,Miel crémeux français & responsable,fr,en,final_images/4056489361855_en_4ecff4b8.jpg,https://images.openfoodfacts.org/images/products/405/648/936/1855/ingredients_en.14.400.jpg,"by buying this honey, you contribute to the french pidvda, responsabe fn buying this honey, you contributej to the takingana of biodiversity and guaranteey a jute vamuid qur beekeepers who fix eud-mehesla phia be of leir honey, french honey preservation of biodiversity jute fr honey of flowers of france, to be kept protected from heat and moisture, to be consumed preferably before the / lot number: see on the capsule, lidl france s, n, c, - cs 30032 fr-67039 strasbourg cedex 2 500g net weight:",,,,,incomplete
5080068776654,Maple and Pecan,en,en,final_images/5080068776654_en_2996d84a.jpg,https://images.openfoodfacts.org/images/products/508/006/877/6654/ingredients_en.6.400.jpg,"dough:wheat flour (wheat four, calcium carboriate, ascorbic acid, thiamin, niacin & iron), vegetable margarine(palm & rape oil), water. emulsifler: e471,salt, acidity regulator:e330, flavouring, water, yeast,egg yolk, sugar, baking agent (dextrose, e4720), flour treatment agent:e300,stabliser:e440. filling sugar,v»getable margarin (palm, rapeseed & coconut oll), water, salt, emulsifier:e471,acidity regulator:e330), vitamin a, water, maple syrup(1%),custard powder(sugar, modifled potato starch),whey (milk) powder, skirnined milk powder, glucose syrup,stabliser:e404,e460, e339,flavouring, salt, milk proteln, colour:e160a), wheat flour, sugar, thickeners:e401,e440, flavouring. topping:pecan nuts (4%), glaze (water, glazing ent:e963 sugar, gelling agent:e406, preservative:e202, acidity ragulator:e330) fondant (sugar, water, glucose solids, sorbitol sollds)",egg|milk|tree_nut|wheat_gluten,,"Ingredients:- Dough:WHEAT Flour (Wheat four, Calcium Carbonate Ascorbic acid, Thiamin,Niacin & Iron), Vegetable Margarine(Palm & Rape Oil. Water. Emulsifier: E471, Salt, Acidity Regulator: E330 Flavouring Water, Yeast,EGG Yolk, Sugar, Baking Agent (Dextrose, 472e), Flour Treatment Agent:300, Stabiliser: E440. Filling Sugar, Vegetable Margarin (Palm, Rapeseed & Coconut Oil.Water, Sait, Emulsifier: E471, Acidity
Regulator:330), Vitamin A, Water, Mapie Syrup(1%), Custard Powder (Sugar Modified Potato Starch), Whey (MILK) Powder, Skim ned MILK Powder, Glucose Syrup, Stablliser:E404, E460, E339, Flavouring, Sait,MILK Protein, Colour:160a), WHEAT Flour, Sugar, Thickeners: E401,440, Flavouring Topping: PECAN NUTS%. Gize Water Glazing Agent: E963 Sugar, Gelling Agent:E406, Preservative: E202, Acidity Regulator:330)
Fondant (Sugar, Water, Glucose sollds, Sorbitol Solids)
Nutritional Information per 100g: Energy 1867kJ 457kcal, 4-57kcal,Fat:27g of which saturates: 10g. Carbohydrate: 45g of which sugars: 16g.
Protein: 8.7g. Sait: 0.4g",,complete
6111242100305,jaouda Cremy,fr,en,final_images/6111242100305_en_96e28283.jpg,https://images.openfoodfacts.org/images/products/611/124/210/0305/ingredients_en.33.400.jpg,"fresh milk, sugar, skimmed milk powder, texturizer: starch, cream, flavouring, selected lactic ferments, 3% fat",milk,,,,incomplete
6111252421582,اكوافينا,ar,en,final_images/6111252421582_en_9748cc34.jpg,https://images.openfoodfacts.org/images/products/611/125/242/1582/ingredients_en.30.400.jpg,Aqua,,,,,incomplete
8480000093691,Pan de molde 100% integral,es,en,final_images/8480000093691_en_0e0ef4b0.jpg,https://images.openfoodfacts.org/images/products/848/000/009/3691/ingredients_en.72.400.jpg,"100% integr emedia loaf of special 100% wholemeal bread (harintegral pmeio pão fatiado 100% wholemeal (farinha intel alde wheat (9 (10%)), with aveia flakes (4%), sunflower seeds (29%) ingredients wholemeal wheat flour (gluten) (51%), water, wholemeal flour value of oats (gluten) (5.7%), oat flakes (gluten) (4%), seeds energetic sunflower (2%), sesame seeds (2%),  wheat gluten, fats/lip yeast, salt, bread improver (wheat gluten, wheat dual whole wheat flour (gluten), emulsifier e-472e and antioxidant e-300), inactive whole wheat sourdough (gluten), refined sunflower oil, oat bran (gluten), preservatives e-282 and - 200, may contain soy and mustard,",wheat_gluten,soy,,,incomplete
3033710065967,NESQUIK Cacao,fr,es,final_images/3033710065967_es_5240697b.jpg,https://images.openfoodfacts.org/images/products/303/371/006/5967/ingredients_es.333.400.jpg,"Sucre, cacao maigre en poudre 23%*, émulsifiant : lécithine de SOJA, sel, vitamines : C, D, arôme naturel, cannelle. *Bilan massique certifié Rainforest Alliance www.ra.org/fr",soy,,"ngredients : sucre, cacao maigre en oudre 23%* , émulsifiant :lécithine
de soja, sel, vitamines : C, D, arome naturel, cannelle.",,complete
5000157024671,Beanz in a rich tomato sauce,en,es,final_images/5000157024671_es_ae47e64f.jpg,https://images.openfoodfacts.org/images/products/500/015/702/4671/ingredients_es.173.400.jpg,"beans (51%), tomatoes (34%), water, sugar, spirit vinegar, modified cornflour, salt, spice extracts, herb extract",,,"Haricots blancs à la sauce tomate
FR
Ingrédients:
Haricots
blancs (51%), tomates (34%), eau, sucre, vinaigre d'alcool, amidon modifié de mais, sel, extraits d'épices, extraits
d'herbes. Sans gluten.
N",,complete
5449000131836,Coca-Cola Zero 500ml,en,es,final_images/5449000131836_es_877f5909.jpg,https://images.openfoodfacts.org/images/products/544/900/013/1836/ingredients_es.352.400.jpg,"Agua carbonatada, colorante E-150d, acidulante E-338, edulcorante: E952, E950, asparíamos, E-960c, aromas naturales, aroma cafeína y corrector de acidez E-331.",,,"COn
edulcorantes. Ingredientes:
agua
carbonatada, colorante E-150d, acidulante
F-338,- edulcorantes: E952, E950, aspartamo
E-960c, aromas naturales, aroma cafeina y corrector de acidez E-331.",,complete
6410500090014,Knäckebrot mit Roggensauerteig,de,es,final_images/6410500090014_es_0743b00e.jpg,https://images.openfoodfacts.org/images/products/641/050/009/0014/ingredients_es.66.400.jpg,"Harina de centeno integral, masa madre 25 %(harina de centeno integral, agua), sal y levadura. Contiene 95 % harina de centeno integral. Puede contener trazas de semillas de sésamo. Conservar en un lugar seco y fresco.",wheat_gluten,,"ES
Pan de centeno fino
Ingredientes: Harina de centeno integral, masa madre 25 %(harina de centeno integral, agua), sal y levadura. Contiene 95 % harina de centeno integral. Puede contener trazas de semillas de sésamo. Conservar en un lugar seco y fresco.",,complete
7311070032604,Krisprolls complets,fr,es,final_images/7311070032604_es_71bf322e.jpg,https://images.openfoodfacts.org/images/products/731/107/003/2604/ingredients_es.79.400.jpg,"Farine de blé complet 58%, Farine de blé, Sucre, Huiles végétales (Colza), Malt d'orge, Levure, Sel",wheat_gluten,,"Pagen
KRISPROLLS®
Petits pains suédois à la farine de blé complet.
Ingrédients : Farine de blé complet*
(58%), farine de blé*, sucre, huiles végétales (huile de colza*, huile de colza totalement hydrogénée), malt d'orge, levure, sel.
*Huile de colza suédoise et farine suédoise issue de notre moulin.
Sans huile de palme, sans additif, sans conservateur.",,complete
3017760756198,Cookies Granola LU,fr,fr,final_images/3017760756198_fr_dee8b43f.jpg,https://images.openfoodfacts.org/images/products/301/776/075/6198/ingredients_fr.230.400.jpg,"Farine de blé 34 %, chocolat 33 % (sucre, pâte de cacao, graisses végétales (palme et karité en proportions variables), dextrose, beurre de cacao, lécithines de soja), huile de palme, sucre, poudres à lever (carbonates d'ammonium, carbonates de sodium, diphosphates), sel, colorant (carotènes), arôme, lait écrémé en poudre. Peut contenir des œufs et des fruits à coque.",milk|soy|wheat_gluten,egg|tree_nut,"Biscuits aux morceaux de chocolat.
Ingrédients : Farine de BLÉ 34%, chocolat 33% sucre, pâte de cacao, graisses végétales (palme et karité en proportions variables), dextrose, beurre de cacao, émuisifiant (lécithines de SOJA)], huile de paime, sucre, poudres à lever (carbonates d'ammonium, carbonates de sodium, diphosphates), sel, colorant (carotènes), arôme, LAIT écrémé en poudre.
PEUT CONTENIR OEUF, FRUITS À COQUE.",,complete
3088545004001,Miel de Fleurs Liquide Doseur 500g,fr,fr,final_images/3088545004001_fr_2ac25804.jpg,https://images.openfoodfacts.org/images/products/308/854/500/4001/ingredients_fr.119.400.jpg,Miel de Fleurs,,,,,incomplete
3155251205500,Beurre doux gastronomique,fr,fr,final_images/3155251205500_fr_103720d8.jpg,https://images.openfoodfacts.org/images/products/315/525/120/5500/ingredients_fr.243.400.jpg,"Beurre (lait) (origine crème : France),",milk,,"Beurre (lait) (origine crème : France),",,complete
3168930010869,Cruesli Chocolat noir maxi format,fr,fr,final_images/3168930010869_fr_92bc9152.jpg,https://images.openfoodfacts.org/images/products/316/893/001/0869/ingredients_fr.93.400.jpg,"AVOINE complète (37%),chocolat noir* (12%) [pâte de cacao, sucre, arôme naturel de vanille, émulsifiants (lécithine de SOJA, polyglycérol polyricinoléate)],huile de tournesol,sucre,BLÉ complet (9,6%),sirop de glucose,oligofructose (extrait de racine de chicorée),farine de riz,farine de BLÉ,noix de coco séchée,mélasse,sel,cannelle,arôme naturel de caramel aux pommes et autres arômes naturels,antioxydant (tocophérol),*le chocolat noir contient 65% de cacao minimum.",milk|soy|wheat_gluten,milk|tree_nut,"AVOINE complète (37%),chocolat noir* (12%) [pâte de cacao, sucre, arôme naturel de vanille, émulsifiants (lécithine de SOJA, polyglycérol polyricinoléate)],huile de tournesol,sucre,BLÉ complet (9,6%),sirop de glucose,oligofructose (extrait de racine de chicorée),farine de riz,farine de BLÉ,noix de coco séchée,mélasse,sel,cannelle,arôme naturel de caramel aux pommes et autres arômes naturels,antioxydant (tocophérol),*le chocolat noir contient 65% de cacao minimum.",,complete
3228857000913,Pain de mie nature,fr,fr,final_images/3228857000913_fr_2b797e72.jpg,https://images.openfoodfacts.org/images/products/322/885/700/0913/ingredients_fr.145.400.jpg,"Farine de blé 63%, eau, sucre, huile de colza, sel, vinaigre, levure, farine de fèves, _gluten de blé_, arôme (contient alcool), extrait d'acérola. Peut contenir des _traces d'œuf_, _soja_, _lait_, _fruits coque_, _graines de sésame_.",milk|wheat_gluten,egg|milk|soy|tree_nut,"Farine de blé 63%, eau, sucre, huile de colza, sel, vinaigre, levure, farine de fèves, _gluten de blé_, arôme (contient alcool), extrait d'acérola. Peut contenir des _traces d'œuf_, _soja_, _lait_, _fruits coque_, _graines de sésame_.",,complete
3229820787015,Amande sans sucres,fr,fr,final_images/3229820787015_fr_b6be8bf2.jpg,https://images.openfoodfacts.org/images/products/322/982/078/7015/ingredients_fr.231.400.jpg,"Lait d'amandes (eau, amandes 2,8%), amidon de riz, arôme naturel d'amande, sel marin, stabilisants (gomme guar, gomme xanthane).",tree_nut,tree_nut,"Lait d'amandes (eau, amandes 2,8%), amidon de riz, arôme naturel d'amande, sel marin, stabilisants (gomme guar, gomme xanthane).",,complete
3229820792132,Avoine,fr,fr,final_images/3229820792132_fr_fb8f541a.jpg,https://images.openfoodfacts.org/images/products/322/982/079/2132/ingredients_fr.194.400.jpg,"Eau, Avoine* 11%, Huile de tournesol*, Sel marin. *Ingrédients biologiques.",wheat_gluten,tree_nut,"Eau, Avoine* 11%, Huile de tournesol*, Sel marin. *Ingrédients biologiques.",,complete
3229820797946,Muesli sans sucres ajoutés raisin figue datte abricot,fr,fr,final_images/3229820797946_fr_e6e8b4c6.jpg,https://images.openfoodfacts.org/images/products/322/982/079/7946/ingredients_fr.61.400.jpg,"Flocons d'avoine* complète, Flocons de blé* complet, Raisins* 8% (raisins*, huile de tournesol*), Figues* séchées 8% (figues*, farine de riz, Flocons d'épeautre* complet (blé), Pétales de maïs*, Dattes* 4% (dattes*, farine de riz*), Abricots* secs 3% (abricots*, farine de riz*), Graines de tournesol*, Pétales d'épeautre* complet (blé), Graines de lin*, Graines de courge*.",wheat_gluten,milk|soy|tree_nut,"Flocons d'avoine* complète, Flocons de blé* complet, Raisins* 8% (raisins*, huile de tournesol*), Figues* séchées 8% (figues*, farine de riz, Flocons d'épeautre* complet (blé), Pétales de maïs*, Dattes* 4% (dattes*, farine de riz*), Abricots* secs 3% (abricots*, farine de riz*), Graines de tournesol*, Pétales d'épeautre* complet (blé), Graines de lin*, Graines de courge*.",,complete
3240931547213,Gnocchi aux pommes de terre,fr,fr,final_images/3240931547213_fr_9ed82f66.jpg,https://images.openfoodfacts.org/images/products/324/093/154/7213/ingredients_fr.8.400.jpg,"Purée 65.5% (eau, pommes de terre déshydratées, épice : curcuma), semoule de BLE, huile de colza et/ou tournesol, farine de BLE, sel.",wheat_gluten,egg|milk|soy,"Purée 65.5% (eau, pommes de terre déshydratées, épice : curcuma), semoule de BLE, huile de colza et/ou tournesol, farine de BLE, sel.",,complete
3329770076471,Calin Extra,fr,fr,final_images/3329770076471_fr_2d3993e5.jpg,https://images.openfoodfacts.org/images/products/332/977/007/6471/ingredients_fr.54.400.jpg,"Lait écrémé partiellement déshydraté, lait écrémé, crème, concentre des minéraux du lait, ferments lactiques (lait), vitamine D,",milk,,"Lait écrémé partiellement déshydraté, lait écrémé, crème, concentre des minéraux du lait, ferments lactiques (lait), vitamine D,",,complete
3336971805038,Chips de lentilles saveur tomate mozza,fr,fr,final_images/3336971805038_fr_7ad6465c.jpg,https://images.openfoodfacts.org/images/products/333/697/180/5038/ingredients_fr.146.400.jpg,"Farine de lentille (37%), huiles végétales (tournesol, colza), farine de riz, farine de maïs, amidons, lactosérum en poudre (LAIT), sel, sucre, chlorure de potassium, arôme naturel, tomate, persil, oignon, poivre vert, ail, mozzarella en poudre (LAIT).",milk,peanut|soy|wheat_gluten,"Farine de lentille (37%), huiles végétales (tournesol, colza), farine de riz, farine de maïs, amidons, lactosérum en poudre (LAIT), sel, sucre, chlorure de potassium, arôme naturel, tomate, persil, oignon, poivre vert, ail, mozzarella en poudre (LAIT).",,complete
5449000334343,Schweppes citron 1l,en,fr,final_images/5449000334343_fr_1d819f27.jpg,https://images.openfoodfacts.org/images/products/544/900/033/4343/ingredients_fr.19.400.jpg,Su,,,,,incomplete
6111035000027,6111035000027,fr,fr,final_images/6111035000027_fr_ca7f48c3.jpg,https://images.openfoodfacts.org/images/products/611/103/500/0027/ingredients_fr.47.400.jpg,"Composition minérale en mg/
Résidu sec à 110°C: 186
12 t S Sodium 26 tCalciumMagnésium9 tiiSulfates 42 i3 t H Chiorures 14Potassium
Bicarbonates 104 i Nitrates",,,"Composition minérale en mg/
Résidu sec à 110°C: 186
12 t S Sodium 26 tCalciumMagnésium9 tiiSulfates 42 i3 t H Chiorures 14Potassium
Bicarbonates 104 i Nitrates",,complete
6111035003035,Oulmes natural carbonated water,en,fr,final_images/6111035003035_fr_1857d44d.jpg,https://images.openfoodfacts.org/images/products/611/103/500/3035/ingredients_fr.52.400.jpg,Oulmès est une eau minérale naturellement gazeuse 100%,,,Oulmès est une eau minérale naturellement gazeuse 100%,,complete
6111035003523,,en,fr,final_images/6111035003523_fr_a3ad141f.jpg,https://images.openfoodfacts.org/images/products/611/103/500/3523/ingredients_fr.23.400.jpg,ناهية 100% انتعاش صحي مصفى مرتين 22 Bahia est une eau purtties per utrafiltration smose mere Bata est soumise au procédures de controle qualite les pus strictes Balin one pollie arous باحية عله صائل بالتصفية الدفقة والتناضح العكسي اجتمع لماهية لإجراءات مراقبة الجودة الأكثر صارمة باهية الجودة في متناول الجميع Compos وديوم 2 5 3 21 22 10 el 5 لتر,,,,,incomplete
6111128000071,Ain Saïss,fr,fr,final_images/6111128000071_fr_d3b88a9a.jpg,https://images.openfoodfacts.org/images/products/611/112/800/0071/ingredients_fr.41.400.jpg,Eau minérale naturelle,,,,,incomplete
6111246721964,Cream Cheese,en,fr,final_images/6111246721964_fr_7f5cbc89.jpg,https://images.openfoodfacts.org/images/products/611/124/672/1964/ingredients_fr.25.400.jpg,"Lait de vache pasteurisé, crème fraîche pasteurisée, ferments lactiques, présure, sel",,,,,incomplete
6111251420135,Aïn Ifrane,fr,fr,final_images/6111251420135_fr_3885c2c7.jpg,https://images.openfoodfacts.org/images/products/611/125/142/0135/ingredients_fr.15.400.jpg,eau minérale,,,eau minérale,,complete
6175700,Tartines craquantes au sarrasin imp,fr,fr,final_images/6175700_fr_b684b0ac.jpg,https://images.openfoodfacts.org/images/products/000/000/617/5700/ingredients_fr.130.400.jpg,Farine de sarrasin.,,,Farine de sarrasin.,,complete
7613035859098,NESTLÉ DESSERT 70% Absolu 170g,fr,fr,final_images/7613035859098_fr_912f8d85.jpg,https://images.openfoodfacts.org/images/products/761/303/585/9098/ingredients_fr.179.400.jpg,"Pâte de cacao¹ (Afrique de l'Ouest, Amérique du Sud), sucre, beurre de cacao¹, BEURRE pâtissier, arôme naturel de vanille de Madagascar. Peut contenir : FRUITS À COQUE. Cacao : 70% minimum. *Bilan massique certifié Rainforest Alliance www.ra.org",milk,tree_nut,"Pâte de cacao¹ (Afrique de l'Ouest, Amérique du Sud), sucre, beurre de cacao¹, BEURRE pâtissier, arôme naturel de vanille de Madagascar. Peut contenir : FRUITS À COQUE. Cacao : 70% minimum. *Bilan massique certifié Rainforest Alliance www.ra.org",,complete
5060042641420,Chips sel de mer et poivre noir,fr,it,final_images/5060042641420_it_94fe1774.jpg,https://images.openfoodfacts.org/images/products/506/004/264/1420/ingredients_it.83.400.jpg,"Patate, óleo di semi di girasole, sale marino, pepe nero macinato, pepe nero in polvere, zucchero, estratto di lievito, aroma naturale.",,milk,"Patate, óleo di semi di girasole, sale marino, pepe nero macinato, pepe nero in polvere, zucchero, estratto di lievito, aroma naturale.",,complete
5411188127697,Barista Hafer,de,it,final_images/5411188127697_it_623b4acc.jpg,https://images.openfoodfacts.org/images/products/541/118/812/7697/ingredients_it.188.400.jpg,"_Haferbasis_ (95,6%) (Wasser, _Hafer _(10%)), Sonnenblumenöl, Zichorienwurzelfasern, Erbsenprotein, Säureregulator (Kaliumphosphate), Meersalz, Vitamine B2, D2.",wheat_gluten,,"_Haferbasis_ (95,6%) (Wasser, _Hafer _(10%)), Sonnenblumenöl, Zichorienwurzelfasern, Erbsenprotein, Säureregulator (Kaliumphosphate), Meersalz, Vitamine B2, D2.",,complete
8076809523547,PESTO ROSSO,en,it,final_images/8076809523547_it_c68ab447.jpg,https://images.openfoodfacts.org/images/products/807/680/952/3547/ingredients_it.516.400.jpg,"Polpa di pomodoro 37%, olio di girasole, concentrato di pomodoro 15%, Grana Padano DOP (latte, lisozima da uovo), anacardi, zucchero, sale, basilico, Aceto Balsamico di Modena IGP 2% (aceto di vino, mosto d'uva cotto), siero di latte in polvere, Pecorino Romano DOP (latte di pecora), amido di riso, aglio, correttore di acidità (acido lattico), aroma naturale (latte). Origine del pomodoro: Italia. Può contenere tracce di: altra frutta a guscio.",egg|milk|tree_nut,tree_nut,"Polpa di pomodoro 37%, olio di girasole, concentrato di pomodoro 15%, Grana Padano DOP (latte, lisozima da uovo), anacardi, zucchero, sale, basilico, Aceto Balsamico di Modena IGP 2% (aceto di vino, mosto d'uva cotto), siero di latte in polvere, Pecorino Romano DOP (latte di pecora), amido di riso, aglio, correttore di acidità (acido lattico), aroma naturale (latte). Origine del pomodoro: Italia. Può contenere tracce di: altra frutta a guscio.",,complete
3124480185266,Orange citron,fr,nl,final_images/3124480185266_nl_4cf0675e.jpg,https://images.openfoodfacts.org/images/products/312/448/018/5266/ingredients_nl.137.400.jpg,"vruchtensap uit concentraat 46% (citroen 25%, sinaasappel 21%), suiker, water, citroenpulp 4%, voedingszuur: citroen, natuurlijke
aroma's van sinaasappel, concentraten van wortel, appel, saffloerbloem en citroen.",,,"vruchtensap uit concentraat 46% (citroen 25%, sinaasappel 21%), suiker, water, citroenpulp 4%, voedingszuur: citroen, natuurlijke
aroma's van sinaasappel, concentraten van wortel, appel, saffloerbloem en citroen.",,complete
3159470005071,Céréales Extra Pépites Chocolat Noisettes,fr,nl,final_images/3159470005071_nl_48ae836f.jpg,https://images.openfoodfacts.org/images/products/315/947/000/5071/ingredients_nl.147.400.jpg,"Volkorenhaver(48%), suiker, duurzame palmolie, chocoladestukjes(11%) (suiker, cacaomassa, cacaoboter, plantaardige vetten{palm, shea} in wisselende verhoudingen, melkvet, emulgator{sojalecithine}), tarwemeel, hazelnoten(3%), zout, melasse, gedroogde kokosnoot, gerstemoutextract. Voor allergenen: zie ingrediënten in vet gemarkeerd, noten.",milk|soy|tree_nut|wheat_gluten,tree_nut,"Volkorenhaver(48%), suiker, duurzame palmolie, chocoladestukjes(11%) (suiker, cacaomassa, cacaoboter, plantaardige vetten{palm, shea} in wisselende verhoudingen, melkvet, emulgator{sojalecithine}), tarwemeel, hazelnoten(3%), zout, melasse, gedroogde kokosnoot, gerstemoutextract. Voor allergenen: zie ingrediënten in vet gemarkeerd, noten.",,complete
5050083296079,Cereales special K original,fr,nl,final_images/5050083296079_nl_5173ea75.jpg,https://images.openfoodfacts.org/images/products/505/008/329/6079/ingredients_nl.41.400.jpg,"Rijst(46%), volkorentarwe(37%), suiker, gerst(5%), gemout gerstemeel(3.5%), gerstemoutaroma, zout. VITAMINEN EN MINERALEN: Vitaminen(niacine, B2, B1, B6, foliumzuur, D, B12), ijzer, zink. Voor allergenen : zie ingrediënten in vet gemarkeerd. Bevat mogelijk melk.",wheat_gluten,milk,"Rijst(46%), volkorentarwe(37%), suiker, gerst(5%), gemout gerstemeel(3.5%), gerstemoutaroma, zout. VITAMINEN EN MINERALEN: Vitaminen(niacine, B2, B1, B6, foliumzuur, D, B12), ijzer, zink. Voor allergenen : zie ingrediënten in vet gemarkeerd. Bevat mogelijk melk.",,complete
5449000133328,Cocacola zero sugar,fr,nl,final_images/5449000133328_nl_9e140b57.jpg,https://images.openfoodfacts.org/images/products/544/900/013/3328/ingredients_nl.135.400.jpg,"Eau gazéifiée, colorant E150d, acidifiants , acide phosphorique, citrate de sodium, édulcorants , aspartame, acésulfame-K, arômes naturels (extraits végétaux), dont caféine, Contient une source de phénylalanine,",,,"Eau gazéifiée, colorant E150d, acidifiants , acide phosphorique, citrate de sodium, édulcorants , aspartame, acésulfame-K, arômes naturels (extraits végétaux), dont caféine, Contient une source de phénylalanine,",,complete
20022471,Čokoláda na vaření,en,pt,final_images/20022471_pt_b050b8be.jpg,https://images.openfoodfacts.org/images/products/000/002/002/2471/ingredients_pt.124.400.jpg,"sugar, cocoa mass, cocoa butter, emulsifier: lecithins, vanilla extract,",,milk|peanut|soy|tree_nut|wheat_gluten,"sugar, cocoa mass, cocoa butter, emulsifier: lecithins, vanilla extract,",,complete
20283360,Fiocchi di avena integrali,it,pt,final_images/20283360_pt_13434523.jpg,https://images.openfoodfacts.org/images/products/000/002/028/3360/ingredients_pt.165.400.jpg,Flocos de _aveia_,wheat_gluten,wheat_gluten,Flocos de _aveia_,,complete
8000500310427,Biscuits NUTELLA Biscuits Noisettes et Cacao x22 - 304g,fr,pt,final_images/8000500310427_pt_59672e30.jpg,https://images.openfoodfacts.org/images/products/800/050/031/0427/ingredients_pt.327.400.jpg,"Creme para barrar de AVELAS e cacau 40% (açúcar, gordura de palma, AVELAS (13%), LEITE desnatado em pó (8,7%), cacau magro (7,4%), emulsionantes: lecitinas (SOJA), vanilina), farinha de TRIGO (32,5%), gorduras vegetais (palma, palmiste), açúcar de cana (contém TRIGO) (8,5%), LACTOSE, farelo de TRIGO, LEITE inteiro em pó, mel, levedantes químicos (difosfato dissódico, hidrogenocarbonato de sódio, hidrogenocarbonato de amónio), farinha de CEVADA maltada, cacau magro, sal, extrato em pó de malte de CEVADA e milho, amido de TRIGO, emulsionantes: lecitinas (SOJA), vanilina.",milk|soy|tree_nut|wheat_gluten,,"Creme para barrar de AVELAS e cacau 40% (açúcar, gordura de palma, AVELAS (13%), LEITE desnatado em pó (8,7%), cacau magro (7,4%), emulsionantes: lecitinas (SOJA), vanilina), farinha de TRIGO (32,5%), gorduras vegetais (palma, palmiste), açúcar de cana (contém TRIGO) (8,5%), LACTOSE, farelo de TRIGO, LEITE inteiro em pó, mel, levedantes químicos (difosfato dissódico, hidrogenocarbonato de sódio, hidrogenocarbonato de amónio), farinha de CEVADA maltada, cacau magro, sal, extrato em pó de malte de CEVADA e milho, amido de TRIGO, emulsionantes: lecitinas (SOJA), vanilina.",,complete
