code,product_name,product_language,api_status,has_ingredient_image,image_languages,declared_allergens,trace_allergens
6111246721261,Fromage Blanc Nature,fr,success,True,fr,milk,milk
6111035000430,Sidi Ali,es,success,True,fr,,
6111242100992,Perly,en,success,True,en|fr,milk,
6111035000058,Eau minérale naturelle,en,success,True,en|fr,,
6111035002175,Sidi Ali,fr,success,True,ar|fr,,
6111266962187,Lait de la ferme jaouda,fr,success,True,ar|fr,milk,
6111242106949,Jben,fr,success,True,en|fr,milk,
3274080005003,isabelle,fr,success,True,en,,
7622210449283,Prince,fr,success,True,fr|uk,egg|milk|soy|wheat_gluten,egg
6111242101180,uht jaouda 1L,fr,success,True,fr,milk,tree_nut
6111128000071,Ain Saïss,fr,success,True,fr,,
6111252421568,اكوافينا,ar,success,True,ar|en|fr,,
6111242100985,,ar,success,True,en|fr,milk,
6111035000027,6111035000027,fr,success,True,ar|en|fr,,
3760049790214,Pain De Mie Bio,en,success,True,en|fr,wheat_gluten,soy
6111246721278,Cream cheese,fr,success,True,en|fr,milk,
6111035502828,Eau minéral naturelle,fr,success,True,fr,,
3046920029759,Excellence Noir Prodigieux 90% Cacao,fr,success,True,de|en|es|fi|fr|it|ja|nb|pl|sv,,tree_nut
5449000054227,Coca-Cola Original Taste,en,http_429,False,,,
6111032009665,,en,http_429,False,,,
3329770077003,Skyr nature 0%,fr,success,True,en|fr,milk,
6111242100206,Le nature,fr,http_429,False,,,
6111252421582,اكوافينا,ar,success,True,en|fr,,
3760049798609,Pain de mie grandes tranches Seigle & Graines 500g,fr,http_429,False,,,
3168930010265,cruesly mélange de noix,fr,http_429,False,,,
6175700,Tartines craquantes au sarrasin imp,fr,success,True,fr,,
3175680011480,Sésame,fr,http_429,False,,,
3046920022651,Noir Intense,fr,success,True,fr,,milk|soy|tree_nut
3017620422003,Nutella,fr,http_429,False,,,
3046920022606,Excellence 85% cacao,fr,http_429,False,,,
3760020507350,Pur beurre de cacahuète,fr,success,True,en|fr|nl,peanut,tree_nut
6111203006653,La Hollandaise Cheddar,ar,http_429,False,,,
8052575090254,Rigoni di Asiago - Nocciolata bio,fr,success,True,en|fr,milk|soy|tree_nut,tree_nut
3017620425035,Nutella,fr,http_429,False,,,
6111035003035,Oulmes natural carbonated water,en,success,True,ar|fr,,
6111031005064,Tonik,fr,http_429,False,,,
3229820100234,Fourrés Chocolat Noir,fr,http_429,False,,,
3228857002344,Pain de mie american sandwich complet sans sucres ajoutés 600g,fr,success,True,fr,wheat_gluten,egg|milk|soy|tree_nut
7311070032611,KRISPROLLS Complets,en,http_429,False,,,
3284230006408,Brioche Tranchée Bio 400g,fr,success,True,fr,egg|wheat_gluten,milk|soy
5449000147417,Cappy PULPY,fr,http_429,False,,,
5411188112709,Geröstete Mandel Ohne Zucker,de,http_429,False,,,
3168930163480,Alvalle Gazpacho l'original,fr,success,True,en|fr,,wheat_gluten
6111180000231,levure pâtisserie,fr,http_429,False,,,
3029330022428,14 Maxi Tranches complet sans sucres ajoutés,fr,success,True,fr,wheat_gluten,egg|milk
6111259092495,Goldium crémeux,fr,http_429,False,,,
42104964,Ciel 33cl,en,success,True,en|fr,,tree_nut
3760049794298,Pain de mie Bio grandes tranches céréales & graines 500g,fr,http_429,False,,,
7300400481595,AUTHENTIQUE,fr,http_429,False,,,
6111035001659,Ain Atlas,fr,success,True,ar|fr,,
7300400481588,Fibres,fr,http_429,False,,,
8052575090230,Nocciolata,en,success,True,en|fr,milk|soy|tree_nut,tree_nut
6111242100817,Le Lait demi écrémé,en,http_429,False,,,
3327272107969,Menguy's Peanut 100%,fr,http_429,False,,,
6111128000460,,en,success,True,fr,,
3229820160672,Croustillant Chocolat,fr,http_429,False,,,
8076809513753,PESTO alla GENOVESE,en,success,True,de|en|fr,milk|tree_nut,tree_nut
6111246722107,Frommage fondu,fr,http_429,False,,,
3155250358788,Margarine bio doux tartine & cuisson,fr,http_429,False,,,
3175681851849,Pomme Noisette,fr,success,True,fr,tree_nut|wheat_gluten,milk|soy|tree_nut
5449000061515,Ciel,fr,http_429,False,,,
6111242100305,jaouda Cremy,fr,success,True,ar|en|fr,milk,
3251490332080,Figue & son,fr,http_429,False,,,
3155251205296,Tartine Doux,fr,success,True,en|fr,,
6111032001003,Assil vanille,fr,http_429,False,,,
6111128000163,Ain Saiss Eau Minerale Naturelle,fr,http_429,False,,,
6111206000733,Jebli,ar,success,True,ar,milk,
3608580065340,Pâte à tartiner noisettes et cacao,fr,http_429,False,,,
5449000214799,Coke Zero,en,success,True,de|en|fr|it|sr,,
3480341000674,Carré Frais 0% - Nature,fr,http_429,False,,,
3760049791006,tartine de campagne,fr,http_429,False,,,
6111099003897,Tartine & Cuisine,fr,success,True,en|fr,,
6111128000088,ain saiss 50cl,fr,http_429,False,,,
6111266963207,كيفير,ar,success,True,ar|en|fr,milk,
5449000214911,Coca-Cola Original,fr,http_429,False,,,
8410376009392,Печиво zero sugar free,en,http_429,False,,,
6111032006619,Jamila رايبي,fr,success,True,fr,milk,
3412290070101,Fromage à tartiner Nature fouetté MADAME LOIK - 180g,fr,http_429,False,,,
6111035001635,Ain Atlas,xx,success,True,en|fr|xx,,
6111184001562,Sel de table iodé,fr,http_429,False,,,
6111032008583,Gervais fromage frais nature sucré,fr,http_429,False,,,
8076809523547,PESTO ROSSO,en,success,True,de|en|fr|it,egg|milk|tree_nut,tree_nut
3268840001008,CRISTALINE Eau De Source 0.5L,fr,http_429,False,,,
3760091727732,Beurre bio cacahuète,fr,success,True,fr,peanut|tree_nut,tree_nut
3229820019307,Flocons d'avoine,fr,http_429,False,,,
3017620429484,Nutella,fr,success,True,fr,milk|soy|tree_nut,
3608580124047,Be Nuts ! - Pâte à tartiner Cacahuète,fr,http_429,False,,,
8420756010320,kéfir nature,fr,http_429,False,,,
3175681851856,Biscuit raisins,fr,success,True,fr,wheat_gluten,milk|soy|tree_nut
6111246721940,le blanc nature 900g araai,fr,http_429,False,,,
3229820129488,"Muesli Raisin, Figue, Datte, Abricot",fr,success,True,ar|fr,wheat_gluten,milk|soy|tree_nut
3362600011044,Henry’s,fr,http_429,False,,,
3387390123210,Chocapic,fr,http_429,False,,,
8000500426494,Nutella Plant-Based,en,success,True,cs|de|en|fr|it,soy|tree_nut,milk
20724696,Amandes décortiquées,en,http_429,False,,,
5410041001204,Tuc Original,en,success,True,da|de|en|es|fi|fr|it|pt|sv,egg|wheat_gluten,milk|soy
20995553,Шоколад 85% какаова маса,bg,http_429,False,,,
5010477348678,Special Muesli 30% fruits & noix,fr,success,True,fr,tree_nut|wheat_gluten,tree_nut|wheat_gluten
6111184004129,Mayonnaise recette originale,fr,http_429,False,,,
8720182556738,Maille Moutarde Fine de Dijon L'Originale Bocal 360g,fr,http_429,False,,,
3229820794525,Avoine chocolat,fr,success,True,fr,egg|wheat_gluten,milk|peanut|soy|tree_nut
3229820782560,"Muesli Superfruits Raisins, cassis, cranberry, myrtille",fr,http_429,False,,,
3302740087059,Les tranches végé lentilles,fr,success,True,fr,egg,
6111035001673,Aïn Atlas 50cl,fr,http_429,False,,,
6111032000600,Salim,en,http_429,False,,,
6111018903161,Nescafé Classic,fr,success,True,ar|fr,,
6111162000839,Confiture de fraise,fr,http_429,False,,,
3229820787015,Amande sans sucres,fr,success,True,fr,tree_nut,tree_nut
5411188124689,Oat No Sugars,nl,http_429,False,,,
6111259092525,Goldium Blanc Nature,fr,http_429,False,,,
5449000000996,Coca-Cola,es,success,True,ar|az|bg|ca|de|en|es|fr|it|ka|mo|pl|ro|sq|uk,,
6111251420166,Eau,fr,http_429,False,,,
3229820792132,Avoine,fr,success,True,en|fr,wheat_gluten,tree_nut
6111184004730,Ketchup star,en,http_429,False,,,
6111035003523,,en,success,True,en|fr,,
3256540000698,Pains au lait,fr,success,True,fr,egg|milk|wheat_gluten,peanut|soy|tree_nut
20267605,Anacardo/Castanha-de-caju natural,en,success,True,bg|da|de|en|es|fi|fr|hr|hu|it|pl|ro|sk|sl,tree_nut,peanut|tree_nut
3175680015228,Levure de bière,fr,http_429,False,,,
3480341000636,Carré Frais,fr,success,True,fr,milk,
6111259093096,شييزلي,ar,http_429,False,,,
5411188110835,"Alpro Mandeldrink, Original 1L",de,http_429,False,,,
3019081238643,Sardines Huile d'Olive Vierge Extra,fr,success,True,fr,fish,
8445290615350,sauce tomate cuisinée,fr,http_429,False,,,
3587220002252,La gâche tranchée,fr,success,True,fr,egg|milk|wheat_gluten,tree_nut
7613036669146,NESTLE CHOCAPIC BIO Céréales - Boite de 375g,fr,http_429,False,,,
6111029000118,Cosumar Sucre En Lingot Pour Le Thé 1 kg,fr,http_429,False,,,
6111037000599,Familia 200g,fr,success,True,ar|fr,soy,tree_nut
3228857000166,100% mie complet 500g,fr,http_429,False,,,
6111246954461,,ar,success,True,ar|en,milk,
3154230809869,Jambon à l'étouffée sans nitrite,fr,http_429,False,,,
6111162000716,Confiture d'abricot,fr,http_429,False,,,
3033710073467,"Chicorée & Café, RICORÉ® L'Original, Boîte de 100g",fr,success,True,fr,,
80176800,Nutella,de,http_429,False,,,
8000500310427,Biscuits NUTELLA Biscuits Noisettes et Cacao x22 - 304g,fr,success,True,de|fr|it|pt,milk|soy|tree_nut|wheat_gluten,
20005733,Cerneaux de Noix,fr,http_429,False,,,
20047238,Nussmix,de,success,True,bg|de|en|es|fr|hr|hu|it|nl|pl|ro|sr,tree_nut,peanut|tree_nut
6111035003004,Oulmes Eau Gazeuse,fr,http_429,False,,,
5449000000439,Coca Cola Original taste,fr,http_429,False,,,
6111246722039,fromage herbes milky food,fr,success,True,fr,milk,
5010029000023,Original,nl,http_429,False,,,
3284230011884,8 Pains au lait frais Bio 280g,fr,success,True,fr,egg|milk|wheat_gluten,soy
3175681066632,Biscuits pavot citron,fr,http_429,False,,,
6111031005439,Merendina,ar,success,True,ar|fr,egg|milk|soy|wheat_gluten,
3046920029780,Excellence Noir Subtil Doux 70% Cacao,nl,http_429,False,,,
3302740087042,Les Tranches Végé Pois chiches,fr,success,True,fr,egg,
8002270014901,S. Pellegrino Water,en,http_429,False,,,
6111246721964,Cream Cheese,en,success,True,ar|en|fr,,
6111242101050,LBEN CARTON PASTEURISER,fr,success,True,fr,milk,
6111184001074,Confiture de Fraise,fr,http_429,False,,,
6111184001661,Star vinaigre de table BLANC,fr,success,True,fr,,
3088542500285,Sirop d'érable,fr,http_429,False,,,
3041090063206,Cracotte Céréales Complètes,fr,http_429,False,,,
3175681851863,Biscuits Soja Figue,fr,success,True,fr,milk|soy|wheat_gluten,egg|milk|tree_nut
6111252421575,Aquafina 50cl,fr,http_429,False,,,
7300400481571,wasa,fr,success,True,fr,wheat_gluten,milk|soy
4056489007180,pain de mie grandes tranches spécial sandwich complet,fr,http_429,False,,,
3362600011228,Sable coco Henry s 42g,fr,success,True,en|fr,milk|wheat_gluten,soy
3068320123264,Eau minéral naturelle,fr,http_429,False,,,
3175680011534,Biscuit lait chocolat,fr,success,True,fr,milk|soy|wheat_gluten,egg|tree_nut
6153153,Tartines craquantes quinoa - pois chiche sans gluten,fr,http_429,False,,,
6111032001010,DANONE ASSIL BANANE,fr,success,True,fr,,
4056489620938,Beurre de cacahuètes,fr,http_429,False,,,
5010477348357,Country Crisp 4 noix,fr,http_429,False,,,
8410076610737,NATURE VALLEY protein pind&choc.GV,nl,success,True,fr,milk|peanut|soy,tree_nut
8425197712024,Chocolate con leche y almendras,es,http_429,False,,,
5449000036872,Hawai Tropical,ar,success,True,ar|fr,,tree_nut
3229820021027,P'tit Nature Complet,fr,http_429,False,,,
3272770098090,St Môret,fr,success,True,en|fr,milk,tree_nut
3175681105423,Cookie cacao pépites Sans Sucre,fr,http_429,False,,,
3228857001231,Harrys brioche tressee nature au sucre perle sans additifs 500g,fr,http_429,False,,,
3046920028363,Excellence 85% Cacao Rich Dark,nl,success,True,de|en|es|fi|fr|hu|it|nl|pl|pt|ru|sv,,milk|soy|tree_nut
20022464,Extra Dark 74% Cocoa,en,http_429,False,,,
7613035040823,Nestlé dessert Noir,en,success,True,en|fi|fr,,milk|tree_nut
3228857002245,Pain de mie seigle Sandwich Harrys sans sucres ajoutés,fr,success,True,fr,wheat_gluten,egg|milk|soy|tree_nut
3046920010047,LINDT EXCELLENCE Smooth Dark 78%,nl,success,True,en|fr|it|nl,milk,milk|soy|tree_nut
6111242105331,Beurre Frais Pasteurisé,fr,success,True,fr,,
16256866,1848 Chocolat en poudre,fr,success,True,fr,,milk|soy
16256163,Poulain,fr,success,True,fr,milk|soy|tree_nut,tree_nut
3159470000120,CORN FLAKES,en,success,True,en|fr,wheat_gluten,
3229820769165,Muesli avoine chocolat bio,fr,success,True,fr,milk|wheat_gluten,soy|tree_nut
6111242103702,Yaourt Grec Muesli,fr,success,True,fr,milk|tree_nut|wheat_gluten,
3057640257773,Eau Minérale Naturelle,fr,success,True,en|fr,,
3228857001378,Brioche moins de sucre,fr,success,True,fr,egg|wheat_gluten,milk|soy|tree_nut
3251490307002,Goûter pépites de chocolat,fr,http_429,False,,,
5411188115366,Alpro smooth subtle creamy oat,fr,success,True,cs|de|en|fr|it|nl,wheat_gluten,
6923818812082,Green Tea,fr,http_429,False,,,
6111099000247,Hule D'olive,fr,http_429,False,,,
5000168198491,Sablés Anglais L'Original,fr,success,True,en|fr,milk|wheat_gluten,milk
3366321052386,st hubert bio & végétal,fr,http_429,False,,,
3336971805021,Chips de lentilles saveur fines herbes,fr,success,True,fr,,milk|peanut|soy|wheat_gluten
8715700407760,Tomato Ketchup BIO,fr,http_429,False,,,
6111099000254,Huile d'olive,fr,success,False,,,
8424893600352,kéfir 500g,fr,http_429,False,,,
3168930010906,Cruesli Chocolat noir,en,http_429,False,,,
7622210601988,Granola L'Original,fr,success,True,fr|nl,milk|soy|wheat_gluten,tree_nut
8410076601131,Crunchy avoine et miel,fr,http_429,False,,,
6111259343108,KING COOKIES,fr,success,True,fr,,
7613035676497,"Chicorée & Café, RICORÉ® L'Original, Boîte de 260g",fr,http_429,False,,,
6111242100930,رايبي جودة,fr,http_429,False,,,
59032823,nutella,fr,success,True,de|fr|sv,milk|soy|tree_nut,
3451790988677,Le Beurre Tendre,en,http_429,False,,,
3046920028004,Excellence 70% Cocoa Intense Dark,nl,success,True,cs|en|es|et|fr|hu|it|pl|pt|sr,milk|tree_nut,milk|soy|tree_nut
6111184001197,,xx,http_429,False,,,
3088543506255,Sirop d'Agave,fr,success,True,fr,,
3251490320001,Biscuit complet au germe de blé,fr,http_429,False,,,
3033710084913,Arôme MAGGI - Bouteille 250g,fr,http_429,False,,,
3041090063114,Cracotte,nl,success,True,en|fr,milk|wheat_gluten,
3083681095296,Ratatouille Cuisinée à la Provençal,fr,http_429,False,,,
3760049790252,Pain de mie grandes tranches Toastiligne complet,fr,success,True,fr,wheat_gluten,soy
6111099000599,Huile de table,fr,http_429,False,,,
6111266960336,Perly fromage,fr,http_429,False,,,
7622201133337,Figolu,fr,success,True,fr,wheat_gluten,milk
5411188103387,ALPRO vanille,nl,http_429,False,,,
3229820181950,Fourrés Chocolat au Lait,fr,success,True,fr,milk|wheat_gluten,egg|soy|tree_nut
6111251753912,611251753912,en,http_429,False,,,
6111242102002,غلال القمح,fr,success,True,es|fr,milk,milk
3225350000501,Pulco à diluer citron,fr,http_429,False,,,
3327272107259,Menguy's Beurre de cacahuètes creamy,fr,http_429,False,,,
6111184000213,El Baraka Confiture D'abricots 430 G,fr,success,True,fr,,
3228857001194,Beau & bon Céréales & graines,fr,http_429,False,,,
6111032008453,danino,fr,success,True,fr,,
5060042641000,Lightly sea salted crisps,en,http_429,False,,,
3067140013120,Chicorée soluble nature,fr,http_429,False,,,
3242274030056,Manhattan Oeuf  Poulet Rôti  Fromage,fr,success,True,fr,egg|milk|soy|wheat_gluten,fish|soy|tree_nut|wheat_gluten
3412290070071,Fromage à tartiner Nature fouetté MADAME LOIK - 320g,fr,http_429,False,,,
3760049798869,Pain de mie Bio grandes tranches complet sans sucres ajoutés 500g,fr,success,True,fr,wheat_gluten,soy
3362600011006,Henry's Petit Surfin,fr,http_429,False,,,
6111180000392,سكر الفانيلين,ar,http_429,False,,,
3168930009078,Flocons d'avoine complète,fr,success,True,fr,,wheat_gluten
6111242102781,Tendre nature,fr,http_429,False,,,
3272770097642,Le Goût Primeur format familial,fr,success,True,fr,milk,milk
3760020508012,Tartines craquantes Sarrasin,fr,http_429,False,,,
6111250470742,Lait U.H.T entier,fr,success,True,fr,milk,
3228857000852,Pain de mie 100% mie nature,fr,http_429,False,,,
6111251753899,Olla,es,http_429,False,,,
20095291,Cioccolato fondente,it,success,True,de|en|es|fr|hu|it,soy,milk|tree_nut
8445290133403,Nesquik,fr,http_429,False,,,
3228857002184,American sandwich nature,fr,success,True,fr,wheat_gluten,egg|milk|soy|tree_nut
3175681209282,Goûter 4S Saveur pommes,fr,success,True,fr,milk|wheat_gluten,
50184453,Yeast Extract,nl,http_429,False,,,
5411188119098,Natur mit Kokosnuss,de,http_429,False,,,
3061990143365,Goût chocolat,fr,success,True,ar|de|en|es|fr|nl,milk|wheat_gluten,tree_nut
3228857001316,Brioche Tranchée Recette Classique,fr,http_429,False,,,
6111259341197,Momo black,fr,success,True,fr,milk|soy|wheat_gluten,milk|wheat_gluten
6111266962446,delicemo,fr,http_429,False,,,
20003166,FLOCONS D'AVOINE,en,success,True,ca|de|es|fr|it|nl|pt,wheat_gluten,wheat_gluten
3292070005161,Houmous extra - Pois chiches français & graines de sésame,fr,http_429,False,,,
4006985906203,Cacao en Poudre Non Sucré,fr,http_429,False,,,
3175681257542,Cranberry saveur amande,fr,success,True,fr,wheat_gluten,
3251491787810,Goûter aux raisins,fr,http_429,False,,,
6111248360130,Aïn Soltane,fr,success,True,ar|fr,,
3045140105502,Chocolat au lait,fr,http_429,False,,,
3760049798029,Tartines Bio quinoa & graines 450g,fr,success,True,fr,wheat_gluten,egg|milk|soy
3228857002221,American sandwich Céréales,fr,http_429,False,,,
3178530410105,Petites Madeleines,fr,success,True,en|fr|nl,egg|milk|wheat_gluten,soy|tree_nut
4056489346357,"Boisson à l'amande, sans sucres",en,http_429,False,,,
3760049796384,Tartines céréales & graines 450g,fr,success,True,fr,wheat_gluten,egg|milk|soy
5449000206770,Eau de table,fr,success,True,fr,,tree_nut
6111126003821,Lait Frais 15 jours,fr,http_429,False,,,
3046920028721,Dark absolute 99% cacao,en,success,True,de|en|es|fr|it|nl|th,milk,milk|soy|tree_nut
6111003031107,,ar,http_429,False,,,
3175681257535,"Biscuits 3 graines Kasha, Sésame, Pavot",fr,success,True,fr,wheat_gluten,milk|soy|tree_nut
6111018501480,Nescafé classic,fr,success,True,fr,,
6111032002925,Danone nature,fr,http_429,False,,,
5449000133328,Cocacola zero sugar,fr,success,True,en|fr|it|nl|pl|ro,,
3154230810131,HERTA LE BON PARIS Jambon sel réduit sans nitrite x4-140g,fr,request_error:ReadTimeout,False,,,
3330720237361,Pâte à tartiner aux noisettes francaises et cacao,fr,success,True,fr,milk|tree_nut,tree_nut
40896243,Buo Cioccolato Fondente 70%,fr,success,True,de|fr,soy,milk|tree_nut
3760049795479,Pain de mie grandes tranches Toastiligne céréales & graines 500g,fr,success,True,en|fr,wheat_gluten,egg|milk|soy|tree_nut
3240931548111,Gnocchi à poêler,fr,success,True,fr,wheat_gluten,egg|milk|soy|wheat_gluten
7311070032598,Krisprolls complets sans sucres ajoutés,fr,success,True,fr,wheat_gluten,
6111242103528,Croissance réduit en sucre,fr,success,True,fr|zh,milk,
6111242102767,Yaourt tendre,fr,success,True,fr,milk,
3021769505602,POM'POTES Compotes Gourdes Pomme Nature 1x90g,fr,success,True,fr,,
3228857002351,Pain de mie american sandwich complet sans sucres ajoutés maxi 900g,fr,success,True,fr,wheat_gluten,egg|milk|soy|tree_nut
6111184007618,Sauce algérienne,fr,success,True,fr,egg,
3608580124108,Be Nuts! Pâte à tartiner Cacahuète,fr,success,True,fr,peanut,tree_nut
6111271800054,العين,ar,success,True,ar,,
6111184000619,Mayonnaise,fr,success,True,fr,,
8052575090292,Nocciolata - Pâte à tartiner au cacao et noisettes,fr,success,True,en|fr,soy|tree_nut,tree_nut
8410076601148,Crunchy Avoine & Chocolat Noir x 5 x 2 barres de 21 g,fr,success,True,fr,soy|wheat_gluten,peanut|tree_nut|wheat_gluten
5053990156009,Pringles Original,fr,success,True,fr,wheat_gluten,soy
7622210476296,Thé - Biscuits,fr,success,True,fr,milk|soy|wheat_gluten,egg
3302740047404,Le Supérieur -25% de Sel - Conservation sans Nitrite,fr,success,True,fr,,
6111035502941,Eau minérale naturelle gazeuse,fr,http_429,False,,,
3700214611548,Noir equitable 85% Pérou,fr,success,True,fr,,milk|soy|tree_nut|wheat_gluten
6111214004747,Pipas,fr,http_429,False,,,
80052760,Kinder bueno,fr,http_429,False,,,
7622210995087,chocolat noir noisettes entieres,fr,success,True,de|fr|pt,milk|soy|tree_nut,tree_nut
6111032000631,Salim,en,http_429,False,,,
8000500179864,Nutella,fr,success,True,ar|es|fr|it|pl|pt,milk|soy|tree_nut,soy
3175681037854,Tartines craquantes sarrasin,fr,http_429,False,,,
3229820019192,Pain complet 3 céréales,fr,http_429,False,,,
3095757697105,Blanc de Poulet  - 25% de Sel*,fr,success,True,fr,,
6111266962651,lait,fr,http_429,False,,,
3033710065783,Le Choco,en,success,True,en|fr,soy,
3760049798845,Pain de mie grandes tranches Avoine & Graines 500g,fr,http_429,False,,,
3017760542890,pain grillé pelletier,fr,success,True,fr,wheat_gluten,milk|soy
3046920027885,Excellence Noir à la Pointe de Fleur de Sel,fr,http_429,False,,,
6111246950845,,ar,http_429,False,,,
5010477348630,Muesli 36% fruits noix & graines,fr,success,True,fr,tree_nut|wheat_gluten,tree_nut|wheat_gluten
87157215,Tomato Ketchup,en,http_429,False,,,
8715035110106,Sojasaus,nl,success,True,cs|en|fi|fr|hr|it|nl,soy|wheat_gluten,
6111035003509,"Bahia, Eau De Table",fr,http_429,False,,,
3182180001477,Grilletine au froment sans sucres ajoutés,fr,success,True,fr,wheat_gluten,egg|milk|soy|tree_nut
8720182460721,Amora Moutarde Forte Verre 430g,fr,http_429,False,,,
5449000131805,Coca-Cola Zero Azúcar,en,http_429,False,,,
3038354199603,Panzani sauce pesto basilic 200g,fr,success,True,en|fr,egg|milk|tree_nut,peanut
3760049798890,Pain au lait bio x12 420g,fr,http_429,False,,,
3175680011442,Biscuit soja orange,fr,success,True,fr,soy|wheat_gluten,milk|tree_nut
3168930009795,Muesli Croustillant Noix de pécan & noix du Brésil,fr,http_429,False,,,
6111024001516,"Huile de table équilibrée riche en vitamines A,E,D3",fr,success,True,fr,soy,
3392460480827,Biscottes 6 Céréales,fr,http_429,False,,,
8719200012608,Tartine sans huile de palme,fr,http_429,False,,,
6111250012416,Le bon lait,fr,success,True,fr,milk,
7613035449626,NESTLE CHOCAPIC Céréales 645g,fr,http_429,False,,,
8076809513722,Basilico,fr,success,True,bg|de|fr|it,,
3760091722508,Chocolat noir 85% Madagascar,fr,http_429,False,,,
3229820794532,Avoine complète,fr,http_429,False,,,
3175681257566,Gerble Buscuit Citron Gingembre,fr,success,True,fr,wheat_gluten,egg|milk|soy|tree_nut
4056489039518,Petit Pains Grillés Blé complet,fr,http_429,False,,,
6111032002208,Activia Céréales,fr,success,True,ar|fr,milk|wheat_gluten,
8410076470812,Blé Complet Wraps,en,http_429,False,,,
6111251754247,Olla Crème de Cuisson Onctueuse,fr,success,True,fr,,
3229820787008,Lait d'amande,fr,http_429,False,,,
7622210713780,Belvita Petit Déjeuner Chocolat,fr,http_429,False,,,
3336971805038,Chips de lentilles saveur tomate mozza,fr,success,True,en|es|fr,milk,peanut|soy|wheat_gluten
8052575090346,Nocciolata la bianca,fr,http_429,False,,,
3083680973939,Ratatouille Cuisinée à la Provençal,fr,success,True,fr,wheat_gluten,
3478820023184,Pâte à tartiner Chocolat Noisette,fr,http_429,False,,,
5010477348395,Country Crisp - Chocolat noir 70% cacao,fr,success,True,fr,milk|soy|tree_nut|wheat_gluten,milk|tree_nut|wheat_gluten
3175681028111,Les Galettes Boulgour & Quinoa - Tomate & Paprika,fr,http_429,False,,,
3664346306027,1848,fr,http_429,False,,,
3182180001996,Biscottes Sans sucres ajoutés Blé complet,fr,success,True,fr,wheat_gluten,egg|milk|tree_nut
20713713,Chocolat noir Equateur Bio,fr,http_429,False,,,
3380380047749,Tartines craquantes au sarrasin,fr,success,True,fr,,
7622210713889,Belvita Original Petit-Déjeuner miel et pépites de chocolat,fr,http_429,False,,,
7622201809638,Napolitain l'Original,fr,success,True,en|es|fr,egg|milk|soy|wheat_gluten,tree_nut
6111203007513,margarine,fr,http_429,False,,,
8410076801180,Crunchy oats&honey,en,http_429,False,,,
7622400006753,Noir 70% Intense,nl,success,True,de|fr|it|nl|pt,milk|soy,tree_nut
3083681148619,Carottes rapees citron dnp 320g,fr,http_429,False,,,
5000157024671,Beanz in a rich tomato sauce,en,success,True,de|en|es|fi|fr|pt|ru|sv,,
5025125000006,White Ciabattin,en,http_429,False,,,
4056489235798,Pain de mie grandes tranches 7 cereales,fr,success,True,fr,wheat_gluten,milk|soy
3257971309114,Mont Roucous,fr,http_429,False,,,
3229820004334,Le cookie Chocolat Noisette,fr,http_429,False,,,
6111246721735,Fromage blanc nature,fr,success,True,fr,milk,
3329757002998,Poudre stevia,fr,http_429,False,,,
3178530402728,La Madeleine Pur beurre,fr,success,True,fr,egg|milk|soy|tree_nut|wheat_gluten,soy|tree_nut
3251491787803,Goûter aux écorces confites,fr,http_429,False,,,
6111024004746,Huile d'olive vierge de Maroc,fr,success,True,fr,,
6111242102187,Ghani,fr,http_429,False,,,
3229820794648,GALETTES EXTRA-FINES MAΪS,en,http_429,False,,,
3608580142966,Pâte à tartiner cacahuètes et cacao,fr,success,True,fr,peanut,tree_nut
5411188116592,Coconut,nl,http_429,False,,,
6111180003102,Mayfine,fr,success,True,fr,,
5053990155354,Sour Cream & Onion,fr,http_429,False,,,
3168930159896,Ice Tea Pêche,fr,success,True,fr,,
3175681028098,Galettes boulghour & épeautre,fr,http_429,False,,,
6111162000181,Joly Thon Entier,fr,http_429,False,,,
6111260232095,El Mejor Chef,xx,success,True,fr|xx,,
3366321051983,Oméga 3® Doux,fr,http_429,False,,,
7311070032604,Krisprolls complets,fr,success,True,en|es|fr,wheat_gluten,
8712100338694,Maizena Fleur de Maïs Sans Gluten 400g,fr,http_429,False,,,
3248340054063,Lait demi-écrémé UHT,fr,success,True,fr,milk,
6111184003276,Assaisonnement aromatisé au citron,ar,http_429,False,,,
54491472,Cola 500 Ml,en,http_429,False,,,
6111184000657,Star Mayonnaise,ar,success,True,ar|fr,egg|soy,tree_nut
6111259342828,Petit beurre,en,http_429,False,,,
6111259343344,King cookies choco,fr,success,False,,milk|soy|wheat_gluten,
6111099005396,Lilia Tartine & Cuisine,ar,http_429,False,,,
3608580065371,Pâte à tartiner noisettes et cacao,fr,success,True,fr,milk|tree_nut,tree_nut
3046920021043,Noir intense dessert 70%,fr,http_429,False,,,
3228857000883,Extra moelleux nature,fr,http_429,False,,,
6111259347861,Pauz,fr,success,True,fr,milk|soy|wheat_gluten,peanut|tree_nut
3329770073265,Skyr,fr,http_429,False,,,
6111259340992,Eyoo cover,fr,success,True,en|fr,milk|soy|wheat_gluten,
6111242105638,Lait sans lactose,fr,http_429,False,,,
7622210476104,Véritable Petit Beurre,fr,http_429,False,,,
5010477348517,Country Crisp 4 Baies,fr,success,True,fr,wheat_gluten,tree_nut|wheat_gluten
8886303210238,Lait de coco,fr,http_429,False,,,
6111028000980,Kiri carré 8p,fr,success,False,,milk,
3017760000062,Véritable Petit Beurre Pocket,fr,http_429,False,,,
7613035937420,HERTA Knacki Veggie Saucisses végétales x6 -210g,fr,success,True,en|fr,egg|wheat_gluten,milk|soy
3168930002987,Cuites au four nature,fr,http_429,False,,,
3760049794373,PAIN MIE SANDWICH BIO* COMPLET Sans sucres ajoutés 500G,fr,http_429,False,,,
5449000131836,Coca-Cola Zero 500ml,en,success,True,de|es|fr|ro|sv,,
6111266962910,press up jaouda petit orange,en,http_429,False,,,
3329770051072,petit yoplait,fr,success,True,fr,milk,
20171841,Roggen Vollkorn-Knäckebr,de,http_429,False,,,
6111242104198,برس اب الخوخ جودة 1لتر,fr,success,True,ar|fr,,
8410111211202,Atun,es,http_429,False,,,
6111162000723,Délicia - Confiture d'abricot,fr,http_429,False,,,
3182180002115,Grilletine Blé Complet,en,success,True,en|fr|nl,milk|wheat_gluten,egg|peanut|soy|tree_nut
8410076472953,Wraps,fr,http_429,False,,,
6111242104556,Leben,fr,success,True,ar,milk,
7613032655495,"Chicorée & Café, RICORÉ® L'Original, Boîte de 260g",fr,http_429,False,,,
6111259093140,Goldium Premium Sauce Tacos au Fromage,ar,success,True,ar|fr,,
3240931548135,Lustucru gnocchi a poêler format xxl 720g,fr,http_429,False,,,
6111180007650,Cacao,fr,http_429,False,,,
8198701234564,Pâte d'arachide,fr,success,True,es|fr,peanut,tree_nut
3760049799408,Complet & Graines,fr,http_429,False,,,
3068320120256,Eau minérale naturelle,fr,success,True,fr,,
8076809573252,Baiocchi nocciola 260g,fr,http_429,False,,,
6111246250013,Levure rafiaa,fr,success,True,fr,,
3760324300015,2 Steaks végétaux et gourmands,en,http_429,False,,,
3664346305990,Grand Arôme 32% de Cacao,fr,http_429,False,,,
5411188125808,Mango Ohne Zuckerzusatz,de,success,True,de|es|fi|fr|nl|pt,soy,tree_nut
3229820798110,Granola Chocolat,fr,http_429,False,,,
3278693504076,Emprésuré au chocolat,fr,success,True,fr,milk,
8436547770137,Kéfir natural sabor suave,en,http_429,False,,,
3083680613576,Lentilles préparées 1/2,fr,success,True,fr,soy|wheat_gluten,soy|wheat_gluten
3229820797861,Croustillant 3 noix,fr,http_429,False,,,
5060088707685,Barres de fruits secs & noix Myrtilles,fr,http_429,False,,,
3302740047367,Le Supérieur - à l'Etouffée - Conservation sans Nitrite,fr,success,True,fr,,
3362600001106,Sablé Coco,fr,http_429,False,,,
6111242102019,flan caram jao dan,fr,success,True,fr,,tree_nut
4008713713411,Copos de Avena extra suaves,es,http_429,False,,,
6111017007013,Caobel,en,success,True,en|fr,,
6132500711040,El Mordjene Crème De Noisettes Grillées,fr,http_429,False,,,
3661344288690,CREME DESSERT BIO AU CHOCOLAT,fr,http_429,False,,,
6111175000741,قهوة الطبيب,ar,success,True,en,,
6111126001988,Leben BELDI,fr,http_429,False,,,
6111260230619,Tranches Au Goût Cheddar,ar,success,True,ar|en|fr,,
3770016162043,Merguez Végétale,fr,http_429,False,,,
6111028001222,la vache qui rit,ar,http_429,False,,,
6111246953679,,ar,success,True,fr,milk,
7613287431943,Nesquik Cocoa,fr,http_429,False,,,
7613035530799,NESQUIK Moins de Sucres,en,success,True,en|fr|it,soy,
7311070362664,Krisprolls,fr,http_429,False,,,
8076809545396,Pesto Basilico con Rucula,de,success,True,de|fr,milk|tree_nut,tree_nut
37600106009,Creamy Peanut Butter,nl,http_429,False,,,
3175681261372,Cacao céréales,fr,http_429,False,,,
3178530410143,Petites madeleines St Michel Pépites chocolat - 400g,fr,success,True,en|fr,egg|milk|soy|wheat_gluten,tree_nut
3046920029681,Excellence Noir Délicat Doux 85% Cacao,fr,http_429,False,,,
3073781131925,Kiri® Crème 12 portions,fr,success,True,fr|nl,milk,
6111031005651,Golden,fr,http_429,False,,,
3017760756198,Cookies Granola LU,fr,success,True,fr,milk|soy|wheat_gluten,egg|tree_nut
4014400400007,Toffifee 15er,de,http_429,False,,,
3124480186560,33CL CAN SLIM TROPICAL,fr,http_429,False,,,
3770016162036,Nuggets Végétaux et Gourmands,fr,success,True,fr,milk|wheat_gluten,milk|soy|wheat_gluten
5059319023762,Miel Pops,fr,http_429,False,,,
3664346312936,Pâte à tartiner aux noisettes et au cacao,fr,success,True,fr,milk|soy|tree_nut,egg|soy|tree_nut|wheat_gluten
4056489471264,Edelbitter Mild 90%,de,http_429,False,,,
3017620421006,Pâte à tartiner Nutella noisettes et cacao - 750g,fr,success,True,es|fr|nl,milk|soy|tree_nut,
6111184001203,Moutarde de Dijon,fr,http_429,False,,,
3412290070385,Fromage à tartiner Nature sel réduit -25% MADAME LOIK - 150g,fr,http_429,False,,,
3046920016377,100% Cacao,nl,success,True,de|en|es|fr|it,soy,milk|soy|tree_nut
5010029229110,Crispy Minis Choco,fr,http_429,False,,,
4056489028109,Shot de gingembre bio,fr,success,True,de|en|es|fr|pt,,
8076800195057,Spaghetti Nº5,en,http_429,False,,,
3017760363990,Heudebert Fibre +,fr,success,True,fr,wheat_gluten,milk|soy
5025125000037,Sourdough Grains & Seeds,en,http_429,False,,,
3175681170872,"Lentilles cuisinées, riz & soja",fr,http_429,False,,,
3700214614259,Chocolat noir 75% Pérou,fr,success,True,fr,,milk|soy|tree_nut
7622210103314,Queso cremoso,es,http_429,False,,,
5411188118961,Nature aux Amandes - Végétal soja & amande,fr,success,True,de|es|fr|it|nl,soy|tree_nut,tree_nut
7622210995063,180G LT NOISETTE COTE D OR,fr,http_429,False,,,
3229820784939,Lait de coco fluide,fr,success,True,fr,,
3421557501722,Muesli croustillant tradition,fr,http_429,False,,,
8410076610621,"Sweet & Salty Nut chocolat noir et mélange de noix, 5 barres de 30 g",fr,http_429,False,,,
3175681077324,Biscuit chocolat saveur amande,fr,success,True,fr,milk|soy|tree_nut|wheat_gluten,egg|soy|tree_nut
3421557501975,Muesli croustillant duo pépites,fr,http_429,False,,,
3302740087103,Les Tranches Végé Haricots Blancs,fr,success,True,de|fr,egg,
3175681116832,Sablé saveur COCO,fr,http_429,False,,,
7622300689124,Granola L'original Gros éclats de chocolat,fr,success,True,fr,egg|milk|soy|wheat_gluten,egg|tree_nut
8715700423913,Tomato ketchup,fr,http_429,False,,,
6111203007520,tartine la Prairie classique 450g,fr,http_429,False,,,
3088542506508,Sirop d'Agave BIO,fr,success,True,fr,,
8002470023727,Huile d'olive vierge extra Bio Classico,fr,http_429,False,,,
8710522922019,Ketchup 5 Ingrédients,en,success,True,fr,,
3175681290440,Petit Déj' Fruits Rouges à l'Épeautre,fr,http_429,False,,,
3229820786605,Crousti' Avoine Chocolat,fr,http_429,False,,,
3033491451652,"Le petit suisse gervais nature 9,5 % 60 g x 12",fr,success,True,fr,milk,
7622210421968,Véritable Petit Écolier Chocolat au Lait,fr,http_429,False,,,
3041090061615,Cracotte Chocolat,fr,success,True,fr,milk|soy|wheat_gluten,tree_nut
3760091726667,Chocolat noir 80% Équateur intense et floral,fr,http_429,False,,,
6111250474191,vinaigre de table blanc,fr,success,True,ar|fr,,
3175681134935,Sablés sans sucres saveur citron yuzu,fr,http_429,False,,,
3083681093926,Aubergines cuisinées à la Provençal,fr,http_429,False,,,
3770016162098,Chipos végétales aux herbes de Provence,fr,success,True,fr,,soy|tree_nut|wheat_gluten
6111031005033,Tagger,en,http_429,False,,,
6111162001218,Filets de maquereau,fr,success,True,fr,fish,
6111206000696,Coeur de lait,fr,http_429,False,,,
3240931548128,Lustucru gnocchi a poêler 520g,fr,success,True,fr,wheat_gluten,egg|milk|soy
8480000168832,Crema de cacahuetes 100%,es,http_429,False,,,
3073781131888,verse smeltkaas,en,http_429,False,,,
8000500082379,Nutella,en,success,True,bg|de|es|fr|hu|it|ro|tr,milk|soy|tree_nut,
3760049798876,10 Pains au lait frais sans sucres ajoutés 350g,fr,http_429,False,,,
5060088700112,Protein Bars Cocoa Hazelnut,en,success,True,en,peanut|tree_nut,soy|tree_nut
6111246721957,Le berger From blanc Nat,fr,http_429,False,,,
3175681308190,Sésame,fr,success,True,fr,milk|wheat_gluten,egg|soy|tree_nut
3175681026766,Crousti Miel Sésame,fr,http_429,False,,,
3155250364772,Primevère Tartine & Cuisson,fr,http_429,False,,,
3168930003632,Quaker Oats,en,success,True,fr,wheat_gluten,wheat_gluten
3272770095334,St Moret ligne et plaisir,fr,http_429,False,,,
20815394,Mix di frutta secca,it,success,True,de|en|fr|it,peanut|tree_nut,peanut|tree_nut
3029330022411,Maxi Tranches Sans sucre ajouté Nature,fr,http_429,False,,,
3660140948258,Savane,fr,success,True,fr,egg|soy|wheat_gluten,milk|peanut|tree_nut
5060088706022,NAKD Cacahuètes - 140g (4x1p),fr,http_429,False,,,
6111252860077,Trios,fr,http_429,False,,,
6111035001024,Oulmès eau minerale naturellement gazeuse,fr,success,True,fr,,
3229820116716,Muesli aux fruits,fr,http_429,False,,,
8008698007389,MAESTRO CEREALE - Pain aux céréales tranché,en,success,True,fr,soy,
3229820796857,Flocons d'avoine,fr,http_429,False,,,
3229820801087,Avoine sans sucres,fr,http_429,False,,,
6111126005894,Kéfir Nature,lb,success,True,lb,,
3270190127765,Chocolate negro,es,http_429,False,,,
7613287514325,Fitness Nature Céréales complètes,fr,success,True,fr,wheat_gluten,milk|tree_nut
6111242101203,Linea,fr,http_429,False,,,
3608580157885,Be Nuts ! 100 % Cacahuète,fr,success,False,,peanut,tree_nut
7622210476241,Petit brun extra,fr,http_429,False,,,
3272770094412,L'original tartare ail & fines herbes,en,http_429,False,,,
7622210204424,Príncipe crema de chocolate,es,success,True,es,milk|soy|wheat_gluten,egg
3175681280502,Le petit Gerblé nature,fr,http_429,False,,,
8410109121551,Cacao puro desgrasado en polvo,es,success,True,ca|es|pt,,
6111162001201,Delicia double concentre de tomates,fr,http_429,False,,,
3161711001971,Fromage de France,en,success,True,fr,milk,
3011360030498,Mayonnaise Classique à l'huile de colza,en,http_429,False,,,
6111028001246,vach,fr,http_429,False,,,
3155251205302,Tartine doux,en,success,True,de|fr,,
3229820791081,Gaufres Miel,fr,http_429,False,,,
3229820794624,Galettes riz complet Bio,fr,success,True,en|fr,,
7613032779566,chocapic,fr,http_429,False,,,
3154230600183,HERTA TARTE EN OR Pâte Feuilletée 230g,fr,success,True,fr,wheat_gluten,milk|soy
3523230028431,La bûche Sainte-Maure (Poitou-Charentes,fr,http_429,False,,,
3168930010890,Quaker Cruesli Chocolat au lait,fr,http_429,False,,,
3175681290297,Cookie Chocolat saveur noisette Sans sucres,fr,success,True,fr,tree_nut|wheat_gluten,egg|milk|soy|tree_nut
5410041010800,Petit écolier chocolat noir pur beurre de cacao,fr,http_429,False,,,
3273220541012,Fromage blanc au lait de brebis,fr,success,True,fr,milk,
42105220,Coca Cola,en,http_429,False,,,
3412290071801,Fromage à tartiner Ail et fines herbes fouetté MADAME LOIK - 150g,fr,success,True,fr,milk,fish|tree_nut
6111242107366,Press Up moyen,fr,http_429,False,,,
3187570015447,Café moulu pur arabica des petits producteurs,fr,http_429,False,,,
3272770096942,Le goût primeur - Ligne & plaisir,fr,success,True,fr,milk,milk|tree_nut
8712100724572,Levure Chimique Alsacienne,en,http_429,False,,,
20047559,Yogurt Greek Style,en,success,True,bg|en|es|fi|nl|ro,milk,
90382383,Cappy pulpy,fr,http_429,False,,,
6111262821150,Pindakaas,fr,success,True,ar|fr,peanut,
5449000000286,Coca Cola,en,http_429,False,,,
7622210713926,Belvita Brut & 5 céréales complètes,fr,http_429,False,,,
3155251205500,Beurre doux gastronomique,fr,success,True,fr,milk,
5411188115472,Soyamilch,de,http_429,False,,,
8076809529433,Whole Wheat Penne Rigate,en,success,True,da|de|el|fi|fr|hr|hu|nl|no|sl|sv,wheat_gluten,soy
8410376009415,Zero sin azúcares Chip Choco,es,http_429,False,,,
3083681148640,Celeri fromage blanc dnp 320g,fr,http_429,False,,,
8410076610744,,nl,success,True,fr,milk|peanut|soy|tree_nut,
6111024002186,Wilor,fr,http_429,False,,,
6111032010135,double zéro Cerise,fr,success,True,ar|fr,milk|wheat_gluten,tree_nut|wheat_gluten
6111203005779,الهاندس,ar,http_429,False,,,
5010477365316,Oh my crisp ! - Noix,fr,success,True,fr,tree_nut,
7622300441937,Philadelphia Original,en,http_429,False,,,
3664346315371,Grand Arôme moins de sucres,en,http_429,False,,,
3421557502446,T&C Muesli croustillant avoine amandes sans gluten,fr,success,True,fr,tree_nut,milk|peanut|soy|tree_nut
3661344688339,Les 2 Vaches Vanille Bio de Madagascar 4 x 115 g,fr,http_429,False,,,
20150907,Cranberries,de,success,True,bg|da|de|en|es|fr|hr|ro,,peanut|tree_nut
3155251204343,Tartine & cuisson doux à tartiner et à cuire,fr,http_429,False,,,
3770008009653,La pâte à tartiner cacao noisette,fr,success,True,fr,tree_nut,peanut|tree_nut
5013665115571,BEURRE DE CACAHUETES 99% CACAHUETES,fr,http_429,False,,,
90338243,Coca-Cola original taste,fr,http_429,False,,,
5449000135544,Ciel 50cl,ar,success,True,ar|fr,,
3480341000704,Carré Frais 0% Ail & Fines Herbes,fr,http_429,False,,,
3278690085646,Emprésuré chocolat intense,fr,success,True,fr,milk,milk
8000500435731,Eat natural Protéines,fr,http_429,False,,,
3165440008935,Céréales Méditerranéennes,fr,success,True,fr,wheat_gluten,milk|soy|tree_nut
3497917000907,Chips saveur fromage du Jura,fr,http_429,False,,,
7622400013935,Noir 86% Extra intense,fr,http_429,False,,,
22314010025,Crème de marrons de l'Ardèche,fr,success,True,en|fr,tree_nut,
6111021090049,Concentré de tomates Aicha,fr,http_429,False,,,
8480000038524,Guacamole,es,success,True,es,,
3175681132467,Les galettes orge et boulgour au chèvre miel,fr,http_429,False,,,
3229820794556,"Muesli Proteines Soja, Dattes, Fruits Rouges",fr,http_429,False,,,
3029330004240,Fines Tartines farine de Seigle,fr,success,True,fr,wheat_gluten,soy|tree_nut
6111126001711,Jnane nature sans sucre,fr,http_429,False,,,
3229820783338,Épeautre noisette,fr,success,True,fr,tree_nut|wheat_gluten,tree_nut
3154230600121,HERTA TARTE EN OR Pâte Brisée 230g,fr,http_429,False,,,
6175634,Tartines craquantes à la châtaigne,fr,success,True,fr,,
5411188110842,Rich and indulgent Hazelnut,de,http_429,False,,,
5013665115557,Beurre de cacahuètes crunchy,fr,http_429,False,,,
6111203007377,Classique Douceur de lait,fr,success,True,en|fr,milk,
3023470001015,Galettes St Michel au beurre 4X5 - 130g,fr,http_429,False,,,
3387390326574,Céréales Cookie Crisp,fr,success,True,es|fr|nl|pt,peanut|wheat_gluten,milk|peanut|tree_nut
5025125000112,Proper Sourdough,en,http_429,False,,,
3560071232719,Pain de mie complet,fr,success,True,fr,milk|wheat_gluten,egg|milk
3033490004521,Danone le nature 125 g x 4,fr,http_429,False,,,
3034470003107,Benco Original,en,http_429,False,,,
3265474000018,Huile Isio 4,fr,success,True,fr,,
3272770096850,Le  goût primeur,fr,http_429,False,,,
3329770076471,Calin Extra,fr,success,True,fr,milk,
5000112611861,PET 1.75L COCA,fr,http_429,False,,,
7622210449313,Prince Multicéréales Goût Chocolat Au Blé Complet,fr,success,True,fr,egg|milk|soy|wheat_gluten,egg
7610313390076,Herbamare original,fr,http_429,False,,,
7622210869616,Chocolat Bio noir 85%,fr,http_429,False,,,
3083680901024,Ratatouille Cuisinée à la Provençal,fr,success,True,fr,wheat_gluten,
3760020508388,Tartined Craquantes Châtaigne,fr,http_429,False,,,
3023260030928,Salakis 100% Brebis,fr,success,True,en|fr,milk,
6111032006718,Danette,fr,http_429,False,,,
6111252422008,AQUAFINA,fr,success,True,fr,,
5900951311505,SNICKERS,en,http_429,False,,,
5449000267412,Coca-Cola goût original,fr,http_429,False,,,
3175681135895,Moelleux chocolat noix,fr,success,True,fr,milk|soy|tree_nut|wheat_gluten,egg|tree_nut
8410376037784,Sandwich Zero Sin Azúcares,es,http_429,False,,,
4056489997511,Bio Hafer,de,success,True,de|en|fr,,
6111273590021,Acyl,fr,http_429,False,,,
3281780893915,Mon Taboulé Oriental,fr,success,True,fr,wheat_gluten,egg|fish|milk|peanut|shellfish|soy|tree_nut|wheat_gluten
3021690201123,Lentilles Cuisinées à l'Auvergnate,fr,http_429,False,,,
7613035694989,Boulettes aux Légumes,fr,http_429,False,,,
6111251420272,Aïn Ifran Eau minérale naturelle,en,success,True,fr,,
3254380008430,"CRISTALINE Eau De Source Pétillante 1,5L",fr,http_429,False,,,
3229820797946,Muesli sans sucres ajoutés raisin figue datte abricot,fr,success,True,fr,wheat_gluten,milk|soy|tree_nut
3168930170549,Ice tea,fr,http_429,False,,,
6111266963283,,en,success,True,ar|en|fr,milk,
3228857001101,Beau & bon à la farine complète de blé,fr,http_429,False,,,
3175681134904,Sablé Nature sans sucres,fr,http_429,False,,,
7622300685782,Philadelphia nature 300g,en,success,True,fr,milk,
3263670162219,Plain Sardines,en,http_429,False,,,
7613035859098,NESTLÉ DESSERT 70% Absolu 170g,fr,success,True,en|fr,milk,tree_nut
6111250472708,Jben AKNAZ,fr,http_429,False,,,
6111246722084,cream-cheese,fr,success,False,,milk,
3175681116863,Sablé sésame saveur vanille,fr,http_429,False,,,
5053990101597,Sour Cream & Onion,ro,http_429,False,,,
7622210416629,La Biscotte 96% de céréales,fr,success,True,fr,wheat_gluten,egg|milk
6111035001710,Ain Atlas,fr,http_429,False,,,
8402001010873,Muesli Crunchy,es,success,True,en|es|pt,milk|wheat_gluten,milk|peanut|soy|tree_nut|wheat_gluten
3760278866964,Beurre bio cacahuètes crunchy,fr,http_429,False,,,
8712100731822,Amora Spécialité à la Moutarde de Dijon aux Épices Savora Bocal 385g,fr,http_429,False,,,
8715700421353,Tomato ketchup,it,success,True,fr|it,,
6111032000624,Lait naturel,fr,http_429,False,,,
7622210770714,Moelleux goût choco-noisette,fr,success,True,fr,milk|soy|wheat_gluten,milk
6111032004455,Dan up,en,http_429,False,,,
6111259347434,Biscotti,fr,success,True,fr,soy|wheat_gluten,egg|milk|peanut|tree_nut
6111126005221,JBEN CHERGUI,fr,http_429,False,,,
3770018078144,La Vie Jambon Végétal,fr,http_429,False,,,
8410376026962,Digestive Avena Choco,es,success,True,en|pt,soy|wheat_gluten,milk
3259011799893,Galettes Boulgour & Sarrasin à l'Emmental,fr,http_429,False,,,
6111242101272,Muscly la force pour grandir,fr,success,True,ar|en|fr,milk,
6111021090056,Aicha Tomato Paste,fr,http_429,False,,,
3033710065967,NESQUIK Cacao,fr,success,True,es|fr,soy,
3273220012123,petit billy,fr,http_429,False,,,
6111032010128,Danone (zéro sucre ajouté zéro matière grasse),fr,http_429,False,,,
5053990161669,Paprika Chips,nl,success,True,en|fr|hr|ru,milk|wheat_gluten,soy
6111162001164,Delicia,fr,http_429,False,,,
6111260680452,Marhaba,fr,success,True,fr,milk|soy|tree_nut,milk|peanut|tree_nut
3168930173311,Doritos goût nature,fr,http_429,False,,,
5060042641406,Sea salt & cider vinegar,nl,success,True,da|de|en|es|fr|it|nl|no|pt|sv,wheat_gluten,milk
6111250470209,VIP Gold café instantané,fr,http_429,False,,,
6111243860376,Ice Passion,ar,http_429,False,,,
6111245370064,Levure,fr,success,True,fr,,
8000500435670,Protéines Cacahuètes & Chocolat Noir,fr,http_429,False,,,
6111273780040,,ar,success,True,ar,,
3068320114453,Badoit 1 L PET,de,http_429,False,,,
8076809513388,Arrabbiata,it,http_429,False,,,
3182189999805,Biscottes sans sel et sans sucre ajoutés,fr,success,True,fr,wheat_gluten,
3175681297104,Matin Chocolat,fr,http_429,False,,,
3175681302679,Amande,en,success,True,fr,tree_nut|wheat_gluten,egg|milk|soy|tree_nut
3608580823445,Confiture de fraise Intense,fr,http_429,False,,,
3033710074525,special filtre,fr,success,True,fr,,
5010477356277,Granola Amandes Noisettes & Graines,fr,http_429,False,,,
8410111000707,Atún con tomate,fr,http_429,False,,,
6111242107441,lait sans lactose,en,success,True,ar|en|fr,milk,
8008698005576,MAESTRO CLASSIC - Pain de mie tranché nature,en,http_429,False,,,
3182180002542,Grilletine Sans sucres ajoutés Blé complet,fr,success,True,fr,wheat_gluten,egg|milk|soy|tree_nut
9002515601018,Pago Ace - Orange - Carotte - Citron,fr,http_429,False,,,
3608580758686,Confiture extra de Fraises,fr,success,True,fr,,
3700278400881,Banania Original - Cacao Céréales Touche De Banane & Miel,fr,http_429,False,,,
6111266962644,لذيذ,ar,http_429,False,,,
3228021170039,PRESIDENT CAMEMBERT 250g,fr,success,True,fr,milk,
3165950211726,Filet de maquereaux au naturel,fr,http_429,False,,,
3073781192186,La vache qui rit,fr,success,True,en|fr,milk,
6111242100022,Leben JAOUDA,fr,http_429,False,,,
3154230802280,HERTA Lardons fumés conservation sans nitrite - 2x75g,fr,success,True,fr,,
5010477354051,Muesli Bio Superfruits,fr,http_429,False,,,
3229820181424,Boisson Noisette,fr,http_429,False,,,
3165433724019,Cassonade pure canne,en,success,True,en|fr,,
3302740059193,Blanc de Poulet,fr,http_429,False,,,
3168930168133,Chips recette paysanne nature,fr,success,True,fr|nl,,
6111242102361,Raib vani jaouda,fr,http_429,False,,,
3276558775128,Tomates Cerises Allongées,fr,http_429,False,,,
3760091721747,Beurre de cacahuètes du Nicaragua,fr,success,True,fr,peanut,tree_nut
3760091724632,Chocolat noir PEROU GRAND CRU AMAZONAS 70%,fr,http_429,False,,,
6111035001383,Eau minerale,fr,success,False,,,
3272770016131,Chavroux Pur Chèvre,fr,http_429,False,,,
3124480184344,Orangina et sa pulpe,fr,success,True,fr,,
6111024001202,Huile de tournesol,fr,http_429,False,,,
3017620420702,Nutella pâte à tartiner aux noisettes et au cacao,fr,http_429,False,,,
6111021013208,Confiture De Fraises Aicha,fr,success,True,fr,,tree_nut
3560071407650,Muesli de quinoa y chocolate,es,http_429,False,,,
6111259093102,Cheeslé Blanc nature,fr,success,True,fr,milk,
3272770004725,"9 Minis St Moret (17,8% MG)",fr,http_429,False,,,
6111032006749,Danettz Chocolat,ar,success,True,fr,milk,
20004132,Chopped Tomatoes,en,http_429,False,,,
5449000015105,Sprite,fr,http_429,False,,,
6111203006646,la hollandaise,fr,success,True,fr,milk,
6111271800030,Eau de source naturelle La Source,fr,http_429,False,,,
3029330069898,Tartines p’tit dej,en,success,True,fr,wheat_gluten,egg|milk
3336972109104,Chips de lentilles saveur oignons caramelisés,fr,http_429,False,,,
3330720244017,Confiture fraise sans sucre ajoutes,fr,success,True,fr,,
7622202028335,Mikado Chocolat au lait,fr,http_429,False,,,
3664346305860,Noir Extra,fr,http_429,False,,,
3023291122005,Yaos Yaourt à la Grecque Nature,fr,success,True,fr,milk,
7622210100917,Milka galette choco,fr,http_429,False,,,
3523230030793,beurre demi-sel,fr,success,True,en|fr,milk,
7622300336738,OREO ORIGINAL,nl,http_429,False,,,
8852018101024,Yum Yum Chicken Flavour,nl,http_429,False,,,
8410076901026,Protein Nut Bar Fruit & Chocolate,en,success,True,es|fr,milk|peanut|soy,
3302740039362,Rôti de Poulet - 100% filet,fr,http_429,False,,,
5449000334343,Schweppes citron 1l,en,success,True,fr,,
8712100751370,Amora Ketchup Flacon Souple Tête en bas 550g,fr,http_429,False,,,
3560070910366,Huile d\'olive vierge extra,fr,success,True,fr|nl,,
6111242882263,,en,http_429,False,,,
6111265800497,Albane Lait Entier UHT 1L,fr,http_429,False,,,
8052575090247,Nocciolata,fr,success,True,fr,milk|soy|tree_nut,
3182180060320,Tartines de Pain Blé Complet,fr,http_429,False,,,
7622210988034,Véritable petit beurre,fr,success,True,fr,milk|wheat_gluten,egg
80761761,Kinder Bueno White 39g,en,http_429,False,,,
3083681094459,Courgettes à la Provençale 1/2,fr,success,True,fr,wheat_gluten,
3088540004440,Honey,fr,http_429,False,,,
3178530407396,Petit Cookies Pépites de chocolat,fr,http_429,False,,,
3248830000150,Pâte à tarte feuilletée - Pur beurre,fr,success,True,fr,milk|wheat_gluten,
5000168198514,Sablés chocolat,fr,http_429,False,,,
8000500273296,Ferrero,fr,success,True,en|fr,milk|soy|tree_nut|wheat_gluten,
3302740058660,Blanc de poulet 100% filet,fr,http_429,False,,,
6111032009870,Raibi jamila,fr,success,True,fr,milk,
6111252422428,saveur fruit rouge ice tea,fr,http_429,False,,,
3046920022705,Excellence Noir Orange Intense,fr,success,True,fr,milk|soy|tree_nut,tree_nut
20621469,Special Flakes Original,en,http_429,False,,,
3560070669981,80% cacao noir,fr,http_429,False,,,
5010477348555,Country Crisp 4 Noix,fr,success,True,fr,tree_nut|wheat_gluten,tree_nut|wheat_gluten
8434165466333,Krit krititas galletas saladas,es,http_429,False,,,
8076802085738,Barilla Penne Rigate Nº73,en,success,True,de|en|fr|it|nl,wheat_gluten,egg|soy
3560070614202,Copos de Avena Integral,en,http_429,False,,,
3228857001118,Pain 100% mie nature sans sucre ajouté,fr,success,True,fr|nl,wheat_gluten,egg|milk|soy|tree_nut
3760020505936,Bouillon cube Légumes sans sel sans gluten,fr,http_429,False,,,
3175681261365,Biscuits Abricot Pistache,fr,http_429,False,,,
6111180007339,,en,success,True,fr,,
5449000132277,fanta tops lemon 1.5l,fr,http_429,False,,,
6111252422411,Lipton Ice Tea Saveur Pêche,en,success,False,,,
3155251205524,Beurre tendre doux,fr,http_429,False,,,
5449000232311,FuzeTea Thé noir glacé saveur pêche,fr,success,True,fr,,
3302740050268,Jambon Simplement Bio - Conservation sans nitrite,fr,http_429,False,,,
7394376616709,Avena Barista Edition,es,http_429,False,,,
6111242660373,Beurre Badaouia,fr,success,True,fr,milk,
5449000036889,refresco de naranja,es,http_429,False,,,
3760020500658,Pâte à tartiner chocolat Noisette,fr,success,True,fr,milk|soy|tree_nut,tree_nut
3229820019604,Soja nature sans sucre ajouté bio,fr,http_429,False,,,
3322680010290,crêpes de Landerneau,fr,http_429,False,,,
3033710003228,RICORÉ® aux céréales et à la chicorée solubles Boîte 250g,fr,success,True,fr,wheat_gluten,
3229820762692,TOFU NATURE,en,http_429,False,,,
6111251420135,Aïn Ifrane,fr,success,True,fr,,
3154230809890,jambon,fr,http_429,False,,,
3029330801924,pain Burger complet,fr,success,True,fr,wheat_gluten,egg|milk
6111250473453,VIP crema gold café instantané,fr,http_429,False,,,
6111032002888,Velouté Fraise,fr,http_429,False,,,
6111242102552,Dessert gourmand choco,en,success,True,en|fr,milk,
3033491454080,SKYR,fr,http_429,False,,,
3281780893892,Taboulé oriental à l'huile d'olive vierge extra,fr,success,True,en|fr,wheat_gluten,egg|fish|milk|peanut|shellfish|soy|tree_nut|wheat_gluten
6191585701858,كريميو,fr,http_429,False,,,
3175681110106,germe de blé,fr,success,True,fr,wheat_gluten,egg|milk|soy|tree_nut
3174660084513,Cassonade,fr,http_429,False,,,
3421557910203,Flocons d'avoine complets,fr,http_429,False,,,
5053990127726,Pringles Original,it,success,True,de|es|fr|it,wheat_gluten,milk|soy
5053827199568,Müsli-Tresor-Choco Nut,de,http_429,False,,,
5053990107339,Pringles Original,de,success,True,de|ro,milk|soy|wheat_gluten,
6111184000701,Star moutarde 200 g,fr,http_429,False,,,
6111028001017,kiri 36p,fr,success,False,,milk,
5410041005707,Pim's Sinaasappel,nl,http_429,False,,,
7613035694958,Carré gourmand Tomates et mozzarella,fr,http_429,False,,,
3168930010869,Cruesli Chocolat noir maxi format,fr,success,True,fr,milk|soy|wheat_gluten,milk|tree_nut
3067140037898,Chicoree soluble nature bio 100g,fr,http_429,False,,,
3560071010058,Le pain aux Céréales,fr,success,True,fr|nl,wheat_gluten,soy
3245413451804,Avoine,fr,http_429,False,,,
20002183,Fiocchi di latte,it,http_429,False,,,
6111246721995,fromage blanc nature,fr,success,True,fr,milk,
8076800376999,Lasagne all'uovo,it,http_429,False,,,
5060042641420,Chips sel de mer et poivre noir,fr,success,True,da|de|en|es|fr|it|nl|pt,,milk
6111248360116,Eau,fr,http_429,False,,,
6111245470023,Afia,fr,success,False,,soy,
6111035503115,vitalya,fr,http_429,False,,,
3366321053307,Oméga 3,fr,http_429,False,,,
3366321053284,Margarine omega 3 doux,fr,success,True,fr,soy,peanut
4056489546092,Bio crackers graines de chia et flocons d’avoine,fr,http_429,False,,,
6111032009924,SALIM LBEN 440G,fr,success,True,ar,milk,
3228021170053,La bûche fondante,fr,http_429,False,,,
3061990143594,"BN - Casse Croute Biscuits, 375g",fr,success,True,fr,wheat_gluten,milk|tree_nut
3560070879762,Le pain au Seigle,fr,http_429,False,,,
3560071507480,Pâte à tartiner,fr,http_429,False,,,
5410093179616,Vegetal,en,success,True,ar|fr,milk,
8711200548002,Amora Mayonnaise de Dijon Flacon Souple 415g,fr,http_429,False,,,
3178050000749,Huile d’olive vierge extra,fr,success,True,fr,,
3033710077274,"NESCAFÉ NES, Café Soluble, Boîte de 200g",fr,http_429,False,,,
3700214614266,Chocolat 90% Pérou,fr,http_429,False,,,
3497917002451,La Chips de Sarrasin au Sel de Guérande,fr,success,True,ar|fr|nl,,egg|milk|wheat_gluten
7613035040793,NESTLÉ DESSERT Noir 2x205g,fr,http_429,False,,,
6111246722169,Fromage fondu Tartine & Cuisson,fr,success,False,,milk,
7613035898646,NESTLÉ DESSERT Corsé 200g,fr,http_429,False,,,
8718114734484,Maille Mayonnaise,en,success,True,en|fr,egg,
6111017045329,Napolitain Noir,fr,http_429,False,,,
3175681037885,Tartines Craquantes Multi-Céréales,fr,http_429,False,,,
5410126806069,LOTUS BISCOFF Original - 250g (2x125g),fr,success,True,fr,soy|wheat_gluten,
3178530405736,"Bonne Maman - Quatre Quarts, 500g (17.6oz)",fr,http_429,False,,,
3571492210019,la Brandade à la Morue,fr,success,True,fr,fish|milk,egg|peanut|shellfish|soy|tree_nut|wheat_gluten
8410510012196,Chocolat Noir 92% cacao,fr,http_429,False,,,
6111032002970,عصري بناشي,fr,success,True,ar|fr,milk,
3770018078038,Rostlinná slanina,cs,http_429,False,,,
3770008009882,Les Fourrées  -  Beurre de Cacahuète & Cacao,fr,http_429,False,,,
6111126005085,Douceur fromage frais,fr,success,True,fr,milk,
6111246721339,Ftoury Fromage Blanc,fr,http_429,False,,,
3228857002191,Pain de mie american sandwich nature sans sucres ajoutés maxi 825g,fr,success,True,en|fr,wheat_gluten,egg|milk|soy|tree_nut
3451790988813,le beurre tendre,fr,http_429,False,,,
3021690201116,Lentilles cuisinées à l'Auvergnate,fr,success,True,fr,wheat_gluten,egg|milk
8076809517706,Baiocchi Classici,fr,http_429,False,,,
3564706604360,Muesli Chocolat-Noisette,fr,http_429,False,,,
8410510012202,,es,success,True,es|fr,milk|soy|tree_nut,tree_nut
6923818881323,Petits fours financiers,fr,http_429,False,,,
8585002484093,NESTLE MAGGI KUB Bouillon Bio Légumes 80g - 8 tablettes,fr,success,True,fr,milk|wheat_gluten,egg|fish|milk|soy|wheat_gluten
6111101001361,Asta,en,http_429,False,,,
6111024004753,Huille,fr,success,True,es|fr,,
7613036249928,Vittel,fr,http_429,False,,,
8722700197508,Vinaigre Balsamique de Modène 25 cl,fr,http_429,False,,,
8480000093691,Pan de molde 100% integral,es,success,True,en|es,wheat_gluten,soy
8886303210207,Natural Coconut Cream,en,http_429,False,,,
6111128001115,Ghaut,fr,success,False,,,
5449000232250,fuzetea saveur pêche 1l25,fr,http_429,False,,,
3254550006013,Crème sous pression à la vanille 250g,fr,success,True,en|fr,milk,
8710445020878,FIBRA & SÉSAMO,en,http_429,False,,,
3608580789758,Compote Pomme Nature,fr,http_429,False,,,
3366321052003,St Hubert Omega 3 Sans Huile de Palme 500g Doux,fr,success,True,fr,soy,milk|peanut
8410076472946,8 Tortillas - Blé nature,fr,http_429,False,,,
6410500090014,Knäckebrot mit Roggensauerteig,de,success,True,de|en|es|fr|ro,wheat_gluten,
3029330071280,Pain complet,fr,http_429,False,,,
7311070032581,Krisprolls,fr,success,True,fr,wheat_gluten,
8715035110304,Sauce Soja,en,http_429,False,,,
4056489361855,Miel crémeux français & responsable,fr,success,True,en|fr,,
3272770015516,Tartare végétal ail & fines herbes,fr,http_429,False,,,
6111271800023,La Source العين,fr,http_429,False,,,
6111246720783,Petit Frais Nature,fr,success,True,ar|fr,milk,
7622202023958,Monaco Emmental,fr,http_429,False,,,
3088545004001,Miel de Fleurs Liquide Doseur 500g,fr,success,True,fr|sv,,
3608580890898,Gourmand & Végétal Brassé Nature,fr,http_429,False,,,
3175681039599,Biscuit fondant choco noir sans sucres ajoutés,fr,success,True,fr,egg|milk|soy|wheat_gluten,tree_nut
7622210584724,Dark chocolate,fr,http_429,False,,,
3661344221772,Yaourt saveur myrtille sauvage,fr,http_429,False,,,
3302740057502,Filet de poulet 🐔 rôti,fr,success,True,en|fr,,
3664346306003,Grand Arôme 32% de Cacao,fr,http_429,False,,,
3229820794112,Tofu fumé,en,success,True,en|fr,soy,
6111250472241,Bol Bol Ketchup,fr,http_429,False,,,
3019081241582,Filet de maquereaux grillés nature,fr,success,True,fr,fish,
8715700112596,"Ketchup zéro sel ajouré, 70% moins de sucres",en,http_429,False,,,
3228021170046,Emmental râpé,fr,http_429,False,,,
20072803,Miel de fleurs,fr,success,True,fr,,
8480000512031,Queso crema suave,es,http_429,False,,,
3154230800965,HERTA Blanc Poulet Nature conservation sans nitrite x4 -140g,fr,success,True,fr,,
7622210444141,Moelleux chocolat,fr,http_429,False,,,
3229820783673,Fourrés chocolat lait noisettes,fr,success,True,fr,milk|tree_nut|wheat_gluten,egg|soy|tree_nut
3175681170841,"Ravioli au tofu, tomates, basilic",fr,http_429,False,,,
8720182557315,Maille Moutarde Fins Gourmets Bocal 320g,fr,http_429,False,,,
6111126005580,Chergui Lait,fr,success,True,fr,milk,
87157635,Tomato Ketchup,fr,http_429,False,,,
3124480185266,Orange citron,fr,success,True,de|fr|nl,,
5053990101573,Pringles Sare,ro,http_429,False,,,
8410076801197,Crunchy Oats & Dark Chocolate,en,http_429,False,,,
6111263000202,filets de maquereaux à l'huile végétale,fr,success,True,fr,fish|soy,
3302740100796,Les tranches végé haricots rouges,en,http_429,False,,,
7622210416681,Biscottes,fr,success,True,fr,wheat_gluten,egg|milk
7622210724519,Chocolat noir Bio 70%,fr,http_429,False,,,
8480000142139,Digestive Avena,es,success,True,es|pt,wheat_gluten,milk|soy
3046920010283,Excellence Lait Extra Fondant,fr,http_429,False,,,
7613036021265,nuggets soja,fr,http_429,False,,,
6111021026000,Double concentré de tomates,fr,success,True,fr,,
4056489491217,Skyr,fr,http_429,False,,,
3229820019208,Pain complet seigle,fr,success,True,fr,wheat_gluten,milk|soy|tree_nut
7622210578464,Organic 70% Dark Chocolate Bar,en,http_429,False,,,
3229820789149,Biscuits nappés de chocolat noir,fr,success,True,fr,egg|milk|soy|tree_nut|wheat_gluten,peanut|tree_nut
3272770015523,FETA AOP GRECQUE,fr,http_429,False,,,
6111035002052,Bul'tropicale,fr,http_429,False,,,
20615420,Paahdettu maapähkinä,fi,success,True,es|fi|fr|pt,peanut,tree_nut
7613035648463,HERTA Pâte à Pizza Fine et Rectangulaire 390g,fr,http_429,False,,,
3456300014556,Fourrés Chocolat🍫,fr,success,True,fr,milk|wheat_gluten,egg|soy|tree_nut
6111037000506,Margarine patissière,fr,http_429,False,,,
3760336830357,Pâte à tartiner praliné,fr,success,True,en|fr,tree_nut,
3155251205319,Tartine & Cuisson 100% végétal,fr,http_429,False,,,
3017760030106,Palmito L'original,fr,http_429,False,,,
3760049790818,4 Baguettes viennoises 340g,fr,success,True,en|fr,egg|milk|wheat_gluten,
3270190025337,Lait demi-écrémé Stérilisé UHT,fr,http_429,False,,,
3387390019995,NESTLE LION Céréales 400g,fr,success,True,fr|nl,wheat_gluten,milk|tree_nut
7311070032574,"Golden Wheat Swedish Krisprolls, 7.9oz (225g)",fr,http_429,False,,,
5410126716016,Biscoff,en,success,True,de|en|es|fr|it|pt,soy|wheat_gluten,
6111032007661,قلوتي,ar,http_429,False,,,
6111032004448,Danup fraise,ar,http_429,False,,,
8445291061132,HEPAR,fr,success,True,fr,,
8076802085981,Fusilli 2x,de,http_429,False,,,
6111203001467,margarine la prairie 225g,fr,success,True,fr,soy,
3019081241216,Filets de maquereaux vin blanc & aromates,fr,http_429,False,,,
8720182557452,Moutarde à l’ancienne,fr,success,True,fr,,
3760324300145,Suprêmes panés végétaux et gourmands,fr,http_429,False,,,
8722700113348,Amora,en,http_429,False,,,
20022471,Čokoláda na vaření,en,success,True,cs|de|en|es|fr|pt,,milk|peanut|soy|tree_nut|wheat_gluten
6111252421971,Aquafina,fr,http_429,False,,,
3502110009449,Orangensaft,en,success,True,en|fr,,
3124480191182,PET 2L OASIS TROPICAL,fr,http_429,False,,,
3176571983008,Viva lait 1/2 écrémé,fr,http_429,False,,,
3161711000622,Caprice des Dieux,fr,success,True,fr,milk,milk
3184670001080,faisselle,fr,http_429,False,,,
3600900021050,Tipiak Graine Parfumé,fr,success,True,fr,wheat_gluten,egg|fish|milk|peanut|shellfish|soy|tree_nut
3451790439506,Elle & vire creme fraiche epaisse legere 12%mg poche 328g,fr,http_429,False,,,
3497911105127,Saveur Sel & Vinaigre,fr,success,True,ar|en|fr|hr|nl,milk|wheat_gluten,milk
6111259347021,,ar,http_429,False,,,
6111128000026,Sidi Harazem,fr,http_429,False,,,
6111032002918,Yawmi velouté pistache,fr,success,False,,tree_nut|wheat_gluten,tree_nut|wheat_gluten
6111032007128,Jibi,fr,http_429,False,,,
3029330801900,Pain Burger Géant,fr,success,True,fr,milk|wheat_gluten,
8480000095367,"Muesli con quinoa, chía y chocolate negro",es,http_429,False,,,
3229820787985,Crème de coco légère,fr,success,True,fr|nl,,soy|tree_nut|wheat_gluten
3664346305983,Poulain,en,http_429,False,,,
3380380046940,Tartines Craquantes Sarrasin,fr,http_429,False,,,
20283360,Fiocchi di avena integrali,it,success,True,de|en|fr|it|pt,wheat_gluten,wheat_gluten
6111099000582,Lio huile de table,ar,http_429,False,,,
8434165437418,Cuetara Digesta Light 200G Marie Cookies,fr,success,True,en|es,milk|wheat_gluten,egg|soy
3023470020016,Roudor,fr,http_429,False,,,
7614500010013,Milk Chocolate Almond Nougat,nl,success,True,de|en|es|fi|fr|it|ro,egg|milk|soy|tree_nut,
3033491485756,Yaourt à boire fraise framboise,fr,http_429,False,,,
4056489367260,Mon p'tit plaisir,fr,http_429,False,,,
3033492056603,SKYR,en,success,True,fr,milk,
8715700017006,Tomato Ketchup,fr,http_429,False,,,
3228857000913,Pain de mie nature,fr,success,True,fr,milk|wheat_gluten,egg|milk|soy|tree_nut
7613039490266,Nesquik,en,http_429,False,,,
3236240070405,Fromage à tartiner Echalote et Ciboulette fouetté MADAME LOIK - 150g,fr,http_429,False,,,
5050083296079,Cereales special K original,fr,success,True,fr|nl,wheat_gluten,milk
5449000036957,Poms 2,en,http_429,False,,,
8001665726580,Ricotta & Épinards,fr,success,True,fr,egg|milk|wheat_gluten,
3175681216273,Galettes boulghour parmesan & tomates confites,fr,http_429,False,,,
3073781131963,Kiri® Crème 24 portions,fr,success,True,fr,milk,
6111021090100,Double concentre de tomate,fr,http_429,False,,,
3154230802259,HERTA Lardons nature conservation sans nitrite - 2x75g,fr,http_429,False,,,
3240931547213,Gnocchi aux pommes de terre,fr,success,True,fr,wheat_gluten,egg|milk|soy
6191509900671,EXTRA VIRGIN OLIVE OIL,en,http_429,False,,,
7622210444127,Melloeux Fruit Rouges,fr,success,True,fr,milk|soy|wheat_gluten,milk
3560070308316,Biscottes Complètes bio,fr,http_429,False,,,
3600900011037,Quinoa Gourmand,en,success,True,fr,wheat_gluten,egg|milk|soy
5410221305085,Schweppes Agrum',en,http_429,False,,,
3023290030547,Skyr framboise,fr,http_429,False,,,
8008698011065,MAESTRO VITAL - Pain aux graines tranché,en,success,True,en|fr,,soy
3608580823490,Myrtille Intense,fr,http_429,False,,,
6111184004716,Star moutarde,en,success,True,en|fr,soy,tree_nut
6111246910023,Pain de mie complet,fr,http_429,False,,,
6111249960964,Capri choco,en,success,True,en|fr,milk|soy|tree_nut|wheat_gluten,
6111031005095,Tango,fr,http_429,False,,,
3760381260819,Mousline Nature,fr,http_429,False,,,
4056489682677,Pecan Nuts,en,success,True,de|en|fr|hu|nl,tree_nut,peanut|tree_nut
6111035503153,Vitalya,fr,http_429,False,,,
8711200584383,Vinaigrette Légère Huile de Sésame & Sauce Soja Graines de Sésame Torréfiées 36 cl,en,success,True,aa|en|fr,soy|wheat_gluten,
3292070001576,Houmous sésame,fr,http_429,False,,,
3307130803004,Ratatouille à la provençale,fr,success,True,fr,,
3019081241193,Filets maquereaux moutarde à l'ancienne,fr,http_429,False,,,
6111242104617,crème cuisson,fr,http_429,False,,,
3154230812616,HERTA Trésor de Grand Mère pâte feuilletée pur beurre 280g,fr,success,True,fr,milk|wheat_gluten,soy
4008400260921,Kinder Country,fr,http_429,False,,,
3392460511200,"LU - Grany Chocolate 5 Cereals Bar x6, 125g (4.5oz)",fr,success,True,fr,soy|tree_nut|wheat_gluten,milk|tree_nut
3760091726650,Haïti Grand cru Cap haïtien 72% cacaoté et fruité,fr,http_429,False,,,
3095758049019,Le Torchon - Cuit à l'Etouffée  - 25% de sel*,fr,http_429,False,,,
6191509900855,Organic Extra Virgin Olive Oil,en,success,True,fr,,
8721800402055,Leerdammer original 8 tranches 200g,fr,http_429,False,,,
6221007032540,Cerelac,fr,success,True,fr,,
6111032002963,asiri fraise,fr,http_429,False,,,
3428273980046,Lait 100 % français Matin Léger® Demi-Écrémé,en,success,True,fr,milk,
3229820791074,Biscuits fourrés aux framboises,fr,http_429,False,,,
8710482532303,Trigo Espelta Crackers,es,http_429,False,,,
7622210713803,Petit Déjeuner Chocolat,fr,success,True,fr,milk|soy|wheat_gluten,tree_nut
8410076481597,Tortilla Nachos Original,en,http_429,False,,,
8480000609632,Queso fresco cottage,es,success,True,es|pt,milk,
6111099000605,Lio produit,fr,http_429,False,,,
4056489141877,Huile d'olive vierge extra,fr,success,True,en|fr|sv,,
3155250349793,La crème des chefs ferme et onctueuse gastronomique,fr,http_429,False,,,
7622300694678,Cracotte fibres,fr,http_429,False,,,
37600106412,Beurre de Cacahuètes Extra-Crunchy,fr,success,True,de|fr|nl,peanut,
8005110517006,Mutti Pastasaus met basilicum,nl,http_429,False,,,
3174061039105,Confiture de fraises allégée en sucres,en,success,True,en|fr,,
6111266962774,Leben,fr,http_429,False,,,
3159470005071,Céréales Extra Pépites Chocolat Noisettes,fr,success,True,fr|nl,milk|soy|tree_nut|wheat_gluten,tree_nut
8076809529419,Pâtes spaghetti au blé complet integral 500g,fr,http_429,False,,,
4056489424918,Beurre de cacahuètes crunchy,fr,http_429,False,,,
6111018903185,Nescafe classic,en,success,True,fr,,
6111024001530,Huile Lesieur 3 Graines,fr,http_429,False,,,
3256228686558,Céréales Muesli croustillant au chocolat noir 500G,fr,success,True,fr,wheat_gluten,milk|soy|tree_nut
8480000057105,Pechuga de Pavo Cocida 92%,es,http_429,False,,,
4005514170498,Pâté mexicana,fr,success,True,fr,,
5050083706622,Trésor goût Chocolat Noisettes,fr,http_429,False,,,
3270160503070,Oignons rouges émincés surgelés,fr,http_429,False,,,
8436019091142,Bebida de Soja UHT,es,success,True,es,soy,tree_nut
71464240608,Green goodness,en,http_429,False,,,
20169329,Nut Clusters Wheat flakes with mixed nut clusters,fr,success,True,fr,tree_nut|wheat_gluten,milk|peanut|tree_nut
5050665024519,Oven Roasted Garlic & Onion Pasta Sauce,en,http_429,False,,,
8722700472575,Amora Sauce Salade & Sandwich Ceasar 1L,fr,http_429,False,,,
5601009974337,Iogurte Morango Banana,pt,success,True,fr|pt,milk,
3256220513173,Sirop de thé pêche bidon de 75cl,fr,http_429,False,,,
52833225082,"Joseph farms, mild cheddar cheese",en,success,False,,,
78742054797,"Great value, premium pork sausage, hot",en,http_429,False,,,
78742102047,Mild Cheddar,en,success,False,,milk,
78742121048,Buttermilk Jumbo Biscuits,en,http_429,False,,,
78742431994,Vermicelli,en,http_429,False,,,
84253232401,Rice Drink,en,success,False,,,
606541920380,Multi-Grain Bread,en,http_429,False,,,
781486100025,Whole Wheat Pocket Pita Bread,en,success,False,,wheat_gluten,
782758712021,Sunflower beverage,en,http_429,False,,,
854262003008,Organic Worlds Best Veggie Burger,en,success,False,,,
41498187415,Fudge Pops,en,http_429,False,,,
41498199036,Traditional Steel Cut Oats,en,http_429,False,,,
41498239541,"Brown Rice Crackers, Wasabi",en,success,False,,,
41498284916,Kids Fruit Snacks,en,http_429,False,,,
41498293284,Gelato,en,success,False,,milk|tree_nut,
7804659650035,NotMayo Original,es,http_429,False,,,
5425021580426,Sauce Tartare,fr,success,True,fr,,
27096765,Lait crème,fr,http_429,False,,,
8001665704182,Grand ravioli cepes fromage et champignons,fr,http_429,False,,,
206024059561,Magret de canard,fr,success,True,fr,,
3760030140295,Ravioli à la viande,fr,http_429,False,,,
187251,CHOCOLATEY CATS COOKIES For People,en,success,False,,soy|wheat_gluten,peanut|tree_nut
5410358464778,Haribo Chamallows Hearts,pt,http_429,False,,,
5411788047494,Tamari Hot Chili Et Lemon,fr,http_429,False,,,
5450068095961,Andalouse de Luxembourg piquante,fr,success,True,fr,egg|soy,
3250392332105,Thon à la catalane - 2 x 135g,fr,http_429,False,,,
3466090030308,Tapenade noire facon des bergers Varois,fr,success,True,fr,fish,
34000214655,Dipped pretzels,en,http_429,False,,,
3256226408657,Gambas crevettes tropicales,fr,success,True,fr,shellfish,
25000044984,Simply Lemonade,en,http_429,False,,,
8717677865758,Seaweed salad,fr,http_429,False,,,
9002355004345,Tiroler Früchteküche Albicocca,it,success,True,de|it,,
20889463,Granulated Sugar,en,http_429,False,,,
5900020023025,Cini Minis Riegel,fr,success,True,de|fr,milk|wheat_gluten,tree_nut
5000169107829,English extra mature grated cheddar,fr,http_429,False,,,
4083637,Lait concentré non sucré entier,fr,success,True,fr,milk,
2625078016210,Parmentier de saumon et choux fleurs,fr,http_429,False,,,
3259330020135,Tofu en flan,en,http_429,False,,,
8411945200226,Filetes de caballa del sur,es,success,True,es,fish,
4006894518207,12 Köstlichkeiten Premium,de,http_429,False,,,
5708636225266,Ginger beetroot shot,nl,success,True,nl,,
8480024736321,navajas,es,http_429,False,,,
9313820016504,Pepsi Max 1.25,en,http_429,False,,,
8480024819697,Bombon blanco,es,success,True,es,milk|soy,egg|peanut|tree_nut|wheat_gluten
8437015740331,Suc de pera,ca,http_429,False,,,
8431876158243,Hojaldradas mini,es,success,False,,peanut|tree_nut|wheat_gluten,peanut|tree_nut
64144040902,Pam grilling oil spray,fr,http_429,False,,,
8421691506190,Vinagre de vino al aroma de Finas HIERBAS,es,success,True,es,,
855538004040,Frozen cream dessert,en,http_429,False,,,
855673004028,Salami,en,success,False,,milk,
855732004006,Almonds,en,http_429,False,,,
857302003037,Pure energy drink,en,http_429,False,,,
832112003132,Mustang island macadamia sunrise,en,success,False,,peanut|tree_nut,
24732282961,Black tiger shrimp,en,http_429,False,,,
866150000334,Cauliflower pizza crust,en,success,False,,egg|milk,
811240000152,Pie crust,en,http_429,False,,,
23200000311,Light brown sugar,en,http_429,False,,,
744473474219,"Coconut milk non-dairy frozen dessert, coconut milk",en,success,False,,,
43832551036,7 Sprouted Whole Grains Garden Wraps Vibrant Beet,en,http_429,False,,,
792338818296,"Extra meaty baby back pork ribs with sweet & smoky kansas city style bbq sauce, sweet & smoky kansas city style bbq",en,success,False,,,
72058947033,Polish dill pickles,en,http_429,False,,,
4337185452536,Cremeseife,de,success,True,de,,
7622210994356,Zombie edition,it,http_429,False,,,
3585810079028,Infusion Rooibos Vanille,fr,http_429,False,,,
7613033629303,owoce jabłka z truskawkami i jagodami,pl,success,True,pl,,
623682103182,naan,fr,http_429,False,,,
704982301055,Bug Juice: Berry Raspberry,en,success,True,en,,
265324,Edamame Beans,en,http_429,False,,,
3661344653573,Yaourt Crémeuh Café,fr,success,True,fr,milk,
9419177000002,russian jack,en,http_429,False,,,
5060719923057,montezumas,en,http_429,False,,,
5900552071563,Frugo niebieskie,en,success,True,en|pl,,
5903111826260,Pierogi,fr,http_429,False,,,
8595564517665,Musli forest fruit crunchy,cs,success,True,cs|en,wheat_gluten,milk|peanut|soy|tree_nut
41570144107,Honey Roasted Almonds,en,http_429,False,,,
2486777044085,SARCIVE DE POULET,fr,http_429,False,,,
5080068776654,Maple and Pecan,en,success,True,en,egg|milk|tree_nut|wheat_gluten,
29161690,100% Almond Butter,en,http_429,False,,,
20303013,,fr,success,True,de,,
5017849001322,Iced diamonds,en,http_429,False,,,
8480017245670,Cóctel de encurtidos,es,success,True,es,,milk|shellfish
6413467524905,Runebergin torttu,fi,http_429,False,,,
5060195908975,Brioche buns,en,http_429,False,,,
75196001094,Whole Milk,en,success,False,,milk,
5057753933685,mackeral zesty sea salt and pepper,en,http_429,False,,,
3800230300720,,bg,success,True,bg,peanut|wheat_gluten,tree_nut
8886467100109,pringles saucy bbq 134g,en,http_429,False,,,
2600432011025,Papaye déshydratée,fr,success,True,fr,,
5055159503082,Mango chutney,en,http_429,False,,,
8480017244338,Chocoaros chocolate de leite,fr,http_429,False,,,
5201037508858,Delta amygdalo,el,success,True,en,,
4056489647744,Crumpets,en,http_429,False,,,
4750007790355,Vaflių ritinėliai su kokosų įdaru,en,success,True,en,egg|milk|wheat_gluten,soy|tree_nut
5000295157873,Utterly Butterly,en,http_429,False,,,
4063500001669,Schwarzwaldin kinkku,fi,http_429,False,,,
5000169040850,Onions pickled in balsamic vine INGREDIENTS: onion,en,success,True,en,,
3256229523999,"Biscuits Sablés bio aux céréales nappés de chocolat noir , paquet de 200g",fr,http_429,False,,,
4063367376993,,de,success,True,de,,
749826000008,POPPED CRISPS Sour Cream & Onion,en,http_429,False,,,
8594038911138,perník s ovocnou náplní,en,success,True,en,,
4103550021214,Dt. Kaviar,de,http_429,False,,,
923523001432,SOURDOUGH,en,http_429,False,,,
7680522540432,,de,success,True,de,,
850044957002,Instant Lentils,en,http_429,False,,,
8855044052285,Basil Seed Drink with Pomegranate Flavour,en,success,True,en,,
3277250019022,Brandade de morue,fr,http_429,False,,,
4779028645758,Estrela grietinės ir svogūnų  180,en,success,False,,milk,
8720174121128,Walnoten gepeld,nl,http_429,False,,,
7023539702873,Helsprø Mexicana Sticks,nb,http_429,False,,,
13800810168,Tex-Mex Rice & Black Beans,en,success,True,en,milk,
850026029062,,es,http_429,False,,,
7040514506561,Sjalottløk,nb,success,True,nb,,
99999999,Fischdose - Kleinzeug ohne Etikett,en,http_429,False,,,
7044610874937,"Ringnes Vørterøl 0,33l boks",en,success,False,,,
7315120022485,Kafferep,fr,http_429,False,,,
8906112995413,5 Super Foods Bread,en,http_429,False,,,
7441002448910,salsa de Tomate Richly,en,success,True,en,,
331657650545092442526,"Ruby Tuesday, Classic BBQ Triple Play",en,http_429,False,,,
57000012861,Tomato Ketchup,en,success,True,en,,
811588030200,Red Maca Root Powder,en,http_429,False,,,
25317385534,ROTISSERIE SEASONED TURKEY BREAST,en,success,False,,,
42800473554,"Totino'S, Buffalo Ranch Ranch Blasted Buffalo Style Chicken Rolls",en,http_429,False,,,
8718452777242,Fijngesneden IJsbergsla,nl,http_429,False,,,
3017800510872,Poivrons jaunes,en,success,True,en,,
5412514938253,,nl,http_429,False,,,
10510377,Kräuterbutter,de,success,True,de,milk,
22200940207,حق ازغان,es,http_429,False,,,
7340191173491,Choco Drink,nb,http_429,False,,,
8719587145548,AH Omega 3 visolie softgels 1000mg,nl,success,False,,fish,
3560071523541,Sirop de Violette de Provence,fr,http_429,False,,,
850082111220,Sparkling Protein Drink,en,success,True,en,milk,
3256220207935,Bière GUESTY saveur pêche 0° 6x27.5cl,fr,http_429,False,,,
8697435860235,,en,success,False,,egg,
20019907,Succo di limone,it,http_429,False,,,
6111250470254,Classic,fr,http_429,False,,,
5061013962506,predator,fr,success,True,en,,
4002359006715,Lait de coco,fr,http_429,False,,,
3092718637064,Grenadine,fr,success,True,fr,,
6111242106277,Jutos cocktail,fr,http_429,False,,,
5449000280206,Schweppes tonic 1l,fr,success,True,fr,,
3068320080000,Eau Evian - 1L,fr,http_429,False,,,
8410261643014,Simon life,en,http_429,False,,,
7613035833272,Perrier,fr,success,True,fr,,
8024884500403,COURMAYEUR,fr,http_429,False,,,
3033491993138,Kéfir Doux Nature,fr,success,True,fr,milk,wheat_gluten
3456300002508,jus de citron,fr,http_429,False,,,
6111242109544,,en,success,True,ar|en|fr,wheat_gluten,
5411188128311,Coco Sans Sucres,fr,http_429,False,,,
9002490100070,Red Bull,pl,http_429,False,,,
3468570116601,ROZANA,fr,success,True,fr,,
6130234001147,Lala kheddidja,en,http_429,False,,,
6111242106666,Jutos,fr,success,False,,,
3229820797922,Coco sans sucres,fr,http_429,False,,,
8480000239266,Bebida de almendra 0% azúcares,es,http_429,False,,,
3229820129112,Amande intense,fr,success,True,fr,tree_nut,tree_nut
3560071014094,Amande Sans sucres,fr,http_429,False,,,
8024884600301,MONT BLANC Eau Minérale Naturelle 1.50 L,fr,success,False,,,
5411188115496,Soja Milch,de,http_429,False,,,
5449000008046,Coca-Cola slim 25cl,en,success,True,fr,,tree_nut
6111128000477,Eau minérale,fr,http_429,False,,,
8997212610412,Organic Coconut Milk,en,http_429,False,,,
7613035866386,CONTREX eau minérale naturelle,fr,success,True,fr,,
20920210,Chicorée Café,fr,http_429,False,,,
5000112611762,"coca cola zero 1,25L",fr,success,True,fr,,
6111032009443,Activia ananas fraise,en,http_429,False,,,
3155253020644,Kéfir,fr,success,False,,milk,
8902080000227,Sting Energy,en,http_429,False,,,
8019428000105,Boisson avoine naturel,fr,http_429,False,,,
5000112611878,coca cola zero,fr,success,True,fr,,
3564707117203,Lait Amande calcium,fr,http_429,False,,,
8858135002879,Lait de coco,fr,success,True,fr,,
90162602,Red Bull Energy Drink,en,http_429,False,,,
6111243860383,ice POMME 1.5l,fr,success,True,fr,,
54022263,cola,en,http_429,False,,,
8402001014581,Bebida de avena 0% azúcar,es,http_429,False,,,
3124480200433,Orangina 1.5L,nl,success,True,fr,,
3270190128717,SOJA Sans sucres ajoutés,fr,http_429,False,,,
3229820789002,Amande vanille,fr,success,True,fr,tree_nut,tree_nut
3664320011510,L\'originale,fr,http_429,False,,,
9002490205973,25 cl Red Bull - Energy Drink,fr,http_429,False,,,
6111032009146,Actimel,fr,success,True,fr,milk,
8002270116544,San Pellegrino,fr,http_429,False,,,
8435185101112,Orangina et sa Pulpe !,fr,success,True,fr,,
8445290157348,Nesquik,pt,http_429,False,,,
6111128000217,Ain Saiss,fr,success,True,fr,,
3168930171058,Pêche Ice Tea,fr,http_429,False,,,
3092718637927,Sirop Grenadine Zéro,nl,http_429,False,,,
3033710071005,"Chicorée & Café, RICORÉ® Au Lait, Boîte de 400g",fr,success,True,fr,milk,milk
3057640508813,Infusion touche d'Hibiscus,fr,http_429,False,,,
8720608632633,lipton yellow label tea x25,fr,success,True,fr,,
7394376616228,The original oat-ly barista edition oat drink,en,http_429,False,,,
5449000318947,Schweppes citron 45cl,fr,success,True,fr,,
3564707105675,Boisson avoine,fr,http_429,False,,,
3250392243517,Boisson avoine BIO 1l,fr,http_429,False,,,
3270190113508,Eau de source de montagne d'auvergne,fr,success,True,fr|it,,
3502110009357,Pepsi Max,en,http_429,False,,,
3124480167170,Citronnade,fr,success,True,fr,,
8480000156624,Kéfir natural,es,http_429,False,,,
1200101017825,PET 1L OCEAN SPRAY CLASS,fr,success,True,fr,,
6130758000022,Guedila,en,http_429,False,,,
90375323,Coca cola zero,it,http_429,False,,,
3256223377406,Boisson avoine - 1L,fr,success,True,fr,wheat_gluten,
6111242926035,frut,fr,http_429,False,,,
4025500287955,Kalinka Kefir Fettarm Mild Pur,de,success,True,de|fr|uk,milk,
7613034579102,PERRIER eau minérale naturelle gazeuse,fr,http_429,False,,,
5411188127697,Barista Hafer,de,success,True,de|en|it|nl|pt,wheat_gluten,
5449000025272,Haway tropical,xx,http_429,False,,,
7394376616501,Haver barista edition,nl,http_429,False,,,
50112784,Lemon,en,success,True,es|fr,,
6111032009153,Actimel,fr,http_429,False,,,
4056489406679,High Protein Drink Cacao,it,success,True,de|en|fr|it|nl|pl|pt|sv,milk,
5449000036919,HAWAI ANANAS,en,http_429,False,,,
7394376615979,Lait d'Avoine,fr,http_429,False,,,
3502110006790,"Tropicana 100% oranges pressées sans pulpe format familial 1,5 L",fr,success,True,fr,,
5449000133335,Coca-Cola Zero,fr,http_429,False,,,
5411188130055,"Alpro Sojadrink, Schokoladen-Geschmack, Protein 1L",de,success,True,cs|de|en|fi|fr|it|pl|ro,soy,
5411188115533,soya Vanille,de,http_429,False,,,
3124480186850,INDIAN TONIC,en,success,True,fr,,
6111242106673,Jutos,fr,http_429,False,,,
3664346306126,Super Poulain,fr,http_429,False,,,
3664346326872,Poulain Grand Arôme intense 70% de cacao,fr,success,True,fr,,milk|soy
6111032006985,Danao Pèche-Abricot,fr,http_429,False,,,
6111252422169,Sting - Berry Blast,de,success,True,en,,
6111035002113,Oulmes virgin mojito,en,http_429,False,,,
6111248360291,Eau de table purifiée,fr,success,False,,,
8423352861402,Bebida de Avena,es,http_429,False,,,
3033710074518,,nl,http_429,False,,,
3448781100002,Wattwiller,fr,success,True,fr,,
8715035110809,Soy Sauce,en,http_429,False,,,
3229820793764,Boisson Amande,fr,success,True,fr,tree_nut,tree_nut
3229820784946,Amande chocolat,fr,http_429,False,,,
6111126005696,Proteines Mangue,fr,success,True,ar,milk,
3564700371107,Eau de source de montagne Laqueuille,en,http_429,False,,,
7613034227775,"Chicorée & Café, RICORÉ® L'Original, Recharge de 180g",fr,http_429,False,,,
6111126001605,fawakih mangue 900ml,fr,success,True,ar|fr,milk,
7613034916891,Nesquik Original,en,http_429,False,,,
3760021251184,SAINT ANTONIN Eau Minérale Naturelle Naturelle 1 L,fr,success,True,fr,,
1200101017955,Jus de cranberry,fr,http_429,False,,,
6111179003847,Nectar Orange,en,http_429,False,,,
5411188122661,"Alpro Mandeldrink Weiß Ungesüßt, Ungeröstet 1 LT",de,success,True,de|en|fr|it|nl,tree_nut,tree_nut
3273220080108,soja nature sans sucre,fr,http_429,False,,,
3564707095723,Boisson au soja nature bio,fr,success,True,fr|pl,soy,
6111248360376,Eau mineral 33cl aman,fr,http_429,False,,,
3225355490925,BLE 70CL DELICES AGRUMES PULCO,fr,success,True,fr,,
3100881040809,ST YORRE Eau Minérale Naturelle Naturellement Gazeuse 1.15 L,fr,http_429,False,,,
5449000203823,Pulpy pècne,fr,success,True,fr,,
3229820804118,Noisette sans sucres,fr,http_429,False,,,
4000177158319,Multivitamin Capri-Sun,fr,http_429,False,,,
3229820793689,Soja vanille,fr,success,True,fr,soy,tree_nut|wheat_gluten
3033491485763,Hipro saveur vanille-cookie,fr,http_429,False,,,
6111032009412,Danone max red fruit,fr,success,False,,milk,
6111126005702,Chergui protéine vanille,fr,http_429,False,,,
6111242926806,FRUT MAX,en,success,True,en,,
5038862130929,INFATIGABLEU,fr,http_429,False,,,
20656935,Pétillante saveur citron,fr,http_429,False,,,
6111126001582,Lait fermenté,fr,success,True,fr,milk,
6111126000424,Raib banan sghir,fr,http_429,False,,,
7613036012249,NESQUIK Poudre Cacaotée boîte 500g,fr,success,True,fr,soy,
3760020500559,Coconut milk,fr,http_429,False,,,
6111252420059,Pepsi 2L,fr,http_429,False,,,
3080216043807,Tourtel Twist,en,success,True,en|fr,wheat_gluten,
5449000052926,Fanta orange 1.5l,en,http_429,False,,,
3168930170570,Ice tea,fr,success,True,fr,,
4056489346364,Coconut And Rice Milk,en,http_429,False,,,
5060108450386,FEVER-TREE Ginger Beer,nl,success,True,fr,,
5449000311856,,ar,http_429,False,,,
3329770075313,Yop fraise,fr,success,True,fr,milk,
