code,product_name,lang,image_path,image_language,reference_ingredients,declared_allergens,trace_allergens,evidence,negated_terms,annotator,annotation_date,notes,off_declared_allergens,off_trace_allergens
20713713,Chocolat noir Equateur Bio,fr,,,"Pâte de cacao 50%, beurre de cacao 35%, sucre, extrait de vanille",,"milk, tree_nut, wheat_gluten",,,,,,,"milk, tree_nut, wheat_gluten"
8437015740331,Suc de pera,ca,,,Selecció de peres 100%,,,,,,,,,
3497917000907,Chips saveur fromage du Jura,fr,,,"Pommes de terre (France) (60,9%), huile de tournesol (31%), fromage du Jura fondu en poudre (5,3%) (élaboré exclusivement avec du Comté AOP), sel, petit lait en poudre, arôme naturel,",milk,,,,,,,milk,
3228857001231,Harrys brioche tressee nature au sucre perle sans additifs 500g,fr,,,"Farine de BLÉ 51,8%, eau, OEUFS frais 12,2%, sucre 11,5%, huile de colza 10,8%, sucre perlé 2,3% (sucre, graisse végétale : karité, arôme), gluten de BLÉ, arômes dont fleur d'oranger (contient alcool), extraits végétaux à pouvoir colorant (curcuma, paprika), levure, fibre de BLÉ, sel, farine d'ORGE maltée, extrait d'acérola. Peut contenir des traces de LAIT, GRAINES DE SÉSAME, FRUITS A COQUE et SOJA.","egg, wheat_gluten","milk, sesame, soy, tree_nut",,,,,,"egg, wheat_gluten","milk, sesame, soy, tree_nut"
6111021090049,Concentré de tomates Aicha,fr,,,"tomate, sel,",,tree_nut,,,,,,,tree_nut
3229820794648,GALETTES EXTRA-FINES MAΪS,en,,,"corn* 99,7%, salt, * organic ingredient,",,sesame,,,,,,,sesame
4008713713411,Copos de Avena extra suaves,es,,,Copos de avena.,wheat_gluten,wheat_gluten,,,,,,wheat_gluten,wheat_gluten
3229820787008,Lait d'amande,fr,,,"Lait d'amande* (eau, amandes* 2,8%), sucre de canne non raffiné, amidon de riz*, sel marin.

*ingrédients biologiques",tree_nut,tree_nut,,,,,,tree_nut,tree_nut
3046920021043,Noir intense dessert 70%,fr,,,"Pâte de cacao, sucre, cacao maigre, beurre de cacao, émulsifiant (lécithine de soja), arôme naturel de vanille, Peut contenir du lait et des fruits à coque,",soy,"milk, tree_nut",,,,,,soy,"milk, tree_nut"
3256223377406,Boisson avoine - 1L,fr,,,"Eau, AVOINE* 11%, huile de tournesol*, sel marin. *ingrédient issu de l'agriculture biologique.",wheat_gluten,,,,,,,wheat_gluten,
8410076801180,Crunchy oats&honey,en,,,"whole grain oat flakes (60%),sugar, refined sunflower oil, honey (3%), salt, cane molasses, emulsifier (sunflower lecithin), gasifier (sodium acid carbonate),",,"peanut, soy, tree_nut, wheat_gluten",,,,,,,"peanut, soy, tree_nut, wheat_gluten"
6111266960336,Perly fromage,fr,,,"fromage, eau, beurre, lait écrémé en poudre, sel, sels de fonte E452, E331, E339, protéines de lait, correcteur d'acidité E330, conservateur E202, colorant E160a, arôme",milk,,,,,,,milk,
3168930163480,Alvalle Gazpacho l'original,fr,,,"Tomate,poivron,concombre,oignon, huile d'olive vierge extra (2,2%),vinaigre de vin,sel,ail,jus de citron,teneur en légumes: 94%",,wheat_gluten,,,,,,,wheat_gluten
3272770004725,"9 Minis St Moret (17,8% MG)",fr,,,"Lait et crème pasteurisés (Origine: France), protéines du lait, sel.
Fabriqué dans un atelier utilisant des fruits à coque et du lait de chèvre.",milk,"milk, tree_nut",,,,,,milk,"milk, tree_nut"
3523230030793,beurre demi-sel,fr,,,"_Crème_ pasteurisée (origine France), sel ajouté 3% dont 2% de cristaux de sel marin de Noirmoutier, ferments lactiques (dont _lait_)",milk,,,,,,,milk,
5449000008046,Coca-Cola slim 25cl,en,,,"water, sugar, carbon dioxide, color (caramel E150d), phosphoric acid, caffeine, natural flavors",,tree_nut,,,,,,,tree_nut
6111252422169,Sting - Berry Blast,de,,,"Carbonated Water, Sugar, Acidity Regulators E330, E331, Flavour (Natural and Nature Identical Flavouring substances), Sequestrants E452, E385, Taurine, Caffeine (29 mg/100 ml), Preservatives E211, E202, Sweeteners E955, E950, Colour E129, Inositol, Vitamins Premix.",,,,,,,,,
3760091726650,Haïti Grand cru Cap haïtien 72% cacaoté et fruité,fr,,,"Pâte de cacao°* d'Haïti 66%, sucre de canneº*, beurre de cacao°*. Cacao: 72% minimum dans le chocolat",,"milk, sesame, tree_nut, wheat_gluten",,,,,,,"milk, sesame, tree_nut, wheat_gluten"
43832551036,7 Sprouted Whole Grains Garden Wraps Vibrant Beet,en,,,"Sprouted whole grains (wheat berries, quinoa, millet, oat groats, barley, rye berries, amaranth), water, whole wheat flour, wheat gluten, organic honey, beet juice, sunflower oil, oat fiber, cultured wheat flour, natural flavor, salt, molasses, yeast, cit",wheat_gluten,,,,,,,wheat_gluten,
6111242102552,Dessert gourmand choco,en,,,"lait entier, crème, sucre, épaississant: (amidon, carraghénane), caramel, arôme, colorant naturel. Matière grasse: 4%",milk,,,,,,,milk,
3254550006013,Crème sous pression à la vanille 250g,fr,,,"Crème de lait 91,5 % (origine du lait : UE), sucre 8%, arôme naturel de vanille (origine Madagascar), émulsifiant :  E471, stabilisant E407, gaz propulseur E942.",milk,,,,,,,milk,
855673004028,Salami,en,,,"Vension, berkshire pork meat, sea salt, nonfat dry milk, sugar in the raw, red wine, spices, dextrose, fresh garlic, black peppercorn, sodium erythorbate, lactic acid, live starter culture.",milk,,,,,,,milk,
3608580890898,Gourmand & Végétal Brassé Nature,fr,,,"Lait de coco allégé 89% (eau, extrait de noix de coco), amidon modifié, protéines de pois, citrates de calcium, sel, ferments.",,"soy, tree_nut",,,,,,,"soy, tree_nut"
3229820801087,Avoine sans sucres,fr,,,"Eau, avoine* 11%, huile de tournesol*, sel marin.",,,,,,,,,
6111245470023,Afia,fr,,,"Huile de Soja 95%, Huile de Maïs 5%, Provitamine A.",soy,,,,,,,soy,
3023470020016,Roudor,fr,,,"Farine de blé 52%, beurre 30%, sucre, œufs, sel, poudres à lever: carbonates d'ammonium et de sodium et acide citrique.","egg, milk, wheat_gluten","sesame, soy, tree_nut",,,,,,"egg, milk, wheat_gluten","sesame, soy, tree_nut"
3154230809890,jambon,fr,,,"Jambon frais de porc, Sel, Arômes naturels (présence naturelle de polyphénols), Bouillon (eau, gras et couenne de porc, os de porc, sel, extraits de carotte et d'oignon, épices et plantes aromatiques), Sucre, Chlorure de potassium, Antioxydant: Acide ascorbique, Vinaigre en poudre.",,,,,,,,,
8594038911138,perník s ovocnou náplní,en,,,"perník korpus [PŠENIČNÁ mouka, invertní cukr(cukr, kypřící látka hydrogenuhličitan sodný), pasterovaná VAJEČNÁ melanž (VEJCE, konzervant sorban draselný, regulátor kyselost kyselina citronová), kypřící látka hydrogenuhličitan amonný s protispékavou látkou uhličitanem hořečnatým, perníkové koření], poleva 20% [cukr, plně ztužený rostlinný tuk palmojádrový, rostlinné oleje palmové, sušená SYROVÁTKA, sušené odstředěné MLÉKO, rostlinný tuk (palmový, palmojádrový, shea olej), kakaový prášek se sníženým obsahem tuku, emulgátory (slunečnicový lecitin, SÓJOVÝ lecitin, polyglycerol polyricino), aroma vanilkový extrakt], ovocna náplň 14% [směs ovocných dření (jablko, švestka, červený biz), fruktózo-glukózový sirup, regulátor kyselosti kyselina citronová, želírující látka pektin, koncentrát z černé mrkve, voda, konzervant sorban draselný].",,,,,,,,,
6111126005221,JBEN CHERGUI,fr,,,"Crème fraîche, Fromage blanc, Protéines de lait, Eau, Amidon, Sel, Texturants (Agar - Gomme Xanthane), Arôme,",milk,,,,,,,milk,
3168930009078,Flocons d'avoine complète,fr,,,100% Flocons d'avoine.,,wheat_gluten,,,,,,,wheat_gluten
8715700112596,"Ketchup zéro sel ajouré, 70% moins de sucres",en,,,"tomatoes (200g per 100g of tomato ketchup), spirit vinegar, lemon juice concentrate, potassium chloride, acidifier (malic acid), citrus fibre, spice and herb extracts (contains  celery), sweetener (sucralose),",,,,,,,,,
3661344653573,Yaourt Crémeuh Café,fr,,,"Lait entier pasteurisé équitable (73,4%), sucre de canne'; équiltable (9,5%), crème'; équitable amidon* de mais, lait écrémé en poudre, cale'; lyophilise équitable (1,2%). ';Issu de l'agriculture biologique, Lait Origine France. Commerce équitable contrilé Fair For Life: 90.7% des ingrédients d'origine agricole. Café issu du commerce équitable certifié Fairtrade/Max Havelaar. 'poudre de lait origine France Meuglez-nous au 0 801 803 804 CERTI AGRIC FR 14.370.001 CE CRÊMEUH CAFE",milk,,,,,,,milk,
5411188119098,Natur mit Kokosnuss,de,,,"_Sojabasis_ (Wasser, geschälte _Sojabohnen_ (10,4%)], Kokosmilch (4,3%) (Kokosceme, Wasser), Zucker, Tricalciumcitrat, Säureregulatoren (Natriumcitrate, Citronensäure), Stabilisator (Pektine), natürliches Aroma, Meersalz, Antioxidationsmitel (stark tocopherol-tatige Extract, Fettsäureester der Ascorbinsäure), Vitamine (B12, D2), Joghurtkulturen (Str,thermophilus, L, bulgaricus).",soy,tree_nut,,,,,,soy,tree_nut
3608580065371,Pâte à tartiner noisettes et cacao,fr,,,"Sucre, NOISETTES 20%, huiles végétales (tournesol, colza), LAIT écrémé en poudre, cacao maigre en poudre 5,5%, beurre de cacao, émulsifiant : lécithine de tournesol, extrait de vanille.

Peut contenir d'autres fruits à coque.","milk, tree_nut",tree_nut,,,,,,"milk, tree_nut",tree_nut
42104964,Ciel 33cl,en,,,ماء مصفى (معالج ومنضح) وأملاح معدنية (ماغنسيوم),,tree_nut,,,,,,,tree_nut
3033491451652,"Le petit suisse gervais nature 9,5 % 60 g x 12",fr,,,"LAIT écrémé et crème pasteurisés (LAIT), ferments lactiques (LAIT), conservateur : sorbate de calcium (papier traité) ou E 203 (papier traité)",milk,,,,,,,milk,
16256866,1848 Chocolat en poudre,fr,,,"Cacao maigre en poudre (50%) (beurre de cacao (11%)), sucre, arôme.

Peut contenir lait et soja.",,"milk, soy",,,,,,,"milk, soy"
6111266962774,Leben,fr,,,"Lait frais partiellement écrémé, ferments lactiques sélectionnés dont Bifidobacterium.",milk,,,,,,,milk,
3770018078038,Rostlinná slanina,cs,,,"Rehydratovaná _SÓJOVÁ bílkovina_ 82%, slunečnicový olej, sůl, přírodní aromata a barviva: antokyan, lykopen, regulátor kyselosti: octan draselný.",soy,"egg, fish, milk, shellfish, wheat_gluten",,,,,,soy,"egg, fish, milk, shellfish, wheat_gluten"
3329770076471,Calin Extra,fr,,,"Lait écrémé partiellement déshydraté, lait écrémé, crème, concentre des minéraux du lait, ferments lactiques (lait), vitamine D,",milk,,,,,,,milk,
7311070032604,Krisprolls complets,fr,,,"Farine de blé complet 58%, Farine de blé, Sucre, Huiles végétales (Colza), Malt d'orge, Levure, Sel",wheat_gluten,,,,,,,wheat_gluten,
10510377,Kräuterbutter,de,,,"76% Butter, Wasser, 4,1% Zwiebein, 3,1% % Petersilie, 3,0% Schnittlauch, 1,2% Speisesalz,
Gewürze, 
Kaliumsorbat;
0,1 % Liebstöckel,
0,03% Sonnenblumenöl,
Zucker,
natürliches Aroma,
Säuerungsmittel: Citronensäure.",milk,,,,,,,milk,
3760021251184,SAINT ANTONIN Eau Minérale Naturelle Naturelle 1 L,fr,,,Eau Minérale Naturelle,,,,,,,,,
3184670001080,faisselle,fr,,,_Lait_ pasteurisé (origine : France),milk,,,,,,,milk,
6111246721995,fromage blanc nature,fr,,,"Lait de Vache pasteurisé, Crème fraiche pasteurisée ferments lactiques, Présure.",milk,,,,,,,milk,
3272770015523,FETA AOP GRECQUE,fr,,,"_Lait_ entiers de brebis pasteurisés (70% min), lait entier de chèvre pasteurisé (30% max) (Origine: Grèce), sel, ferments lactiques, coagulant microbien.",milk,,,,,,,milk,
6111246950845,,ar,,,"Lait entier, 30g/L de matière grasse, المكونات: حليب كامل الدسم، 30غ ل من المادة الدسمة,",,"milk, tree_nut",,,,,,,"milk, tree_nut"
5411188116592,Coconut,nl,,,"Water, kokosnootmelk (5,3%) (kokosroom, water), rijst (3,3%), tricalciumfosfaat, stabilisatoren (guarpitmeel, gellangom, xanthaangom), zeezout, aroma's, vitaminen (B12, D2).",,tree_nut,,,,,,,tree_nut
6111032006749,Danettz Chocolat,ar,,,"سكر، قشدة، مسحوق الحليب بدون قشدة، مختر(نشا)، كاكاو، ملون طبيعي(كراميل)، مثبت(فوسفاط البوتاسيوم), الشوكولاط,م,د 5%",milk,,,,,,,milk,
6111179003847,Nectar Orange,en,,,"Jus d'orange, Eau Purifiée, Sucre, acidifiant: Acide Citrique, antioxydant : Vitamine C, Arômes Orange. Teneur en fruits min. 50%,",,tree_nut,,,,,,,tree_nut
6111250012416,Le bon lait,fr,,,lait,milk,,,,,,,milk,
6111246954461,,ar,,,تخصص جبن بالقشدة المكونات : حليب كامل الدسم، قشدة (40%)، نشا، مثبتات (E1442 و E1450)، ملح، خمائر حليبية، مادة حافظة : سوريات البوتاسيوم يحفظ على الأكثر في 6 درجات تاريخ الإنتاج - تاريخ انتهاء الصلاحية - 30 يوما يستهلك إلى غاية : انظر جانب العلبة,milk,,,,,,,milk,
6111024002186,Wilor,fr,,,"*** AJR : apport journalier recommandé, d0méga 6 que notre organisme ne peut fabriquer, 100g",,tree_nut,,,,,,,tree_nut
3248340054063,Lait demi-écrémé UHT,fr,,,lait demi-écrémé stérilisé UHT,milk,,,,,,,milk,
64144040902,Pam grilling oil spray,fr,,,na,,,,,,,,,
6111251754247,Olla Crème de Cuisson Onctueuse,fr,,,"eau, sucre, sirop de glucose, amidon modifié de maïs, épaississants (E466, E415), stabilisants (E339, E452), correcteur d'acidité (E331), arôme, colorant (E160a)",,,,,,,,,
265324,Edamame Beans,en,,,Edamame Beans,soy,,,,,,,soy,
3273220541012,Fromage blanc au lait de brebis,fr,,,"Lait de brebis pasteurisé, ferments lactiques sélectionnés (_lait_)",milk,,,,,,,milk,
8718114734484,Maille Mayonnaise,en,,,"Huile de tournesol, jaune d'OEUF, eau, moutarde de Dijon , eau, graines de MOUTARDE, vinaigre d'alcool, sel, conservateur : E224 , vinaigre d'alcool, sel, sucre, acidifiant: acide lactique, épaississant gomme xanthane, poivre, antioxydants: E385 , romarin, colorants: luteine ,  extrait de paprika, épices",egg,,,,,,,egg,
3182180002542,Grilletine Sans sucres ajoutés Blé complet,fr,,,"Farine de BLÉ 58% - Céréales complètes 19% (farine de BLÉ complet 18%, farine de SEIGLE complète 1%) - Huile de tournesol - Fibre soluble de maïs - Son de BLÉ - Levure boulangère - GLUTEN de blé - Farine de sarrasin - Farine de BLÉ malté - Sel - Agent de traitement de la farine (acide ascorbique).",wheat_gluten,"egg, milk, sesame, soy, tree_nut",,,,,,wheat_gluten,"egg, milk, sesame, soy, tree_nut"
8423352861402,Bebida de Avena,es,,,"Agua, _avena _(15%).",,"soy, tree_nut",,,,,,,"soy, tree_nut"
6111126003821,Lait Frais 15 jours,fr,,,lait entier pasteurisé,milk,,,,,,,milk,
3228857002184,American sandwich nature,fr,,,"Farine de BLÉ 66,3%, eau, huile de colza, fibre de chicorée, arôme (contient alcool), sel, fibre de BLÉ, vinaigre, levure, farine de fèves, gluten de BLÉ, levure désactivée, extrait d'acérola. Peut contenir des traces d'OEUFS, SOJA, LAIT, FRUITS A COQUE et GRAINES DE SESAME.",wheat_gluten,"egg, milk, sesame, soy, tree_nut",,,,,,wheat_gluten,"egg, milk, sesame, soy, tree_nut"
6111250472708,Jben AKNAZ,fr,,,"Fromage frais, crème, eau, proteines laitières, sel. épaississants (E407, E410), conservateur, arôme.",milk,,,,,,,milk,
3033710003228,RICORÉ® aux céréales et à la chicorée solubles Boîte 250g,fr,,,"Orge (44%), Orge maltée (28%). Seigle (14%), Chicorée (14%).",wheat_gluten,,,,,,,wheat_gluten,
5055159503082,Mango chutney,en,,,"Sugar, Mango (40%), Sugar Cane Vinegar, Salt, Acidity Regulator (Acetic Acid), Spices, Garlic, Colour (Paprika Extract). Allergy Advice! May be produced in a factory that handles Nuts, Peanuts and Sesame.","peanut, sesame",,,,,,,"peanut, sesame",
42800473554,"Totino'S, Buffalo Ranch Ranch Blasted Buffalo Style Chicken Rolls",en,,,"Enriched Flour (Wheat Flour, Niacin, Iron, Thiamin Mononitrate, Riboflavin, Folic Acid), Tomato Puree (Water. Tomato Paste), Cooked White Chicken Meat (White Chicken Meat, Water, Modified Corn Starch, Soy Protein Isolate, Salt, Sodium Phosphate), Water, Imitation Mozzarella Cheese (Water, Palm Oil, Rennet Casein, Soybean Oil, Cellulose Powder, Potato Starch, Vital Wheat Gluten, Sodium Aluminum Phosphate, Potassium Chloride, Salt, Citric Acid, Potassium Sorbate [Preservative], Sodium Phosphate, Sodium Citrate, Titanium Dioxide [Artificial Color], Maltodextrin, Magnesium Oxide, Zinc Oxide, Riboflavin, Vitamin A Palmitate, Vitamin B12), Buffalo Style Sauce (Distilled Vinegar, Aged Cayenne Red Peppers, Salt, Water, Canola Oil, Spice, Xanthan Gum, Natural Flavor, Garlic Powder), Canola Oil. Contains 2% Or Less Of: Modified Corn Starch, Buttermilk, Modified Whey, Rehydrated Pasteurized Process Nonfat Mozzarella Cheese (Water, Nonfat Milk, Cheese Cultures, Salt, Enzymes, Citric Acid, Vitamin A Palmitate, Vitamin B6, Sodium Aluminum Phosphate, Sodium Citrate, Sodium Phosphate), Salt, Maltodextrin, Garlic Powder, Sugar, Spices, Defatted Soy Flour, Onion Powder, Dried Blue Cheese (Milk, Cheese Cultures, Salt, Enzymes), Tomato Powder, Yeast Extract, Dried Vinegar, Methylcellulose, Corn Starch, Cultured Nonfat Milk, Dextrose, Natural Flavor, Lactic Acid, Color (Paprika Extract, Red 40 Lake, Tumeric Extract, Titanium Dioxide, Red 40, Blue 1, Yellow 5), Rehydrated Enzyme Modified Cheese (Water, Milk, Cheese Cultures, Salt, Enzymes), Tbhq (Preservative).","milk, soy, wheat_gluten",,,,,,,"milk, soy, wheat_gluten",
6111271800023,La Source العين,fr,,,"eau LA SOURCE est puisée à une profondeur unique au pied du Moyen Atlas ce qui lui confère une pureté totale. Sa minéralisation équilibrée, pauvre en sodium couvre 60% des apports journaliers en calcium et magnésium et en fait une eau idéale au bon fonctionnement de l'organisme التركيبة المعدنية ملغال COMPOSITION MOYENNE EN mg/t - Calcium Magnésium Nitrates Sodium Potassium Bicarbonates 37,8 49.2 0 14,3 13 358.5 الكالسيوم المغنيزيوم النترات الصوديوم البوتاسيوم البيكربونات البقايا الجافة 110 درجة 407 ملغ ال الرقم الهيدروجيني 7.5 Résidus secs à 110° C : 407 mg/l - pH:7,5 أجريت التحاليل بالمعهد الوطني للصحة Analyses effectuées par l'institut National d'Hygiène",,,,,,,,,
6111032009870,Raibi jamila,fr,,,"lait, sucre, poudre de lait, beurre, gras, édulcorants",milk,,,,,,,milk,
6111266963207,كيفير,ar,,,"Lait frais partiellement écrémé, ferments du kéfir et ferments du yaourt et bifidobacterium",milk,,,,,,,milk,
6111126001582,Lait fermenté,fr,,,"Lait demi écrémé, ferments lactiques",milk,,,,,,,milk,
6111259092495,Goldium crémeux,fr,,,"Fromage blanc, protéine de lait, crème fraîche, lait écrémé, ferment lactique, présure Halal, goût, huile végétale, conservateur",milk,,,,,,,milk,
3270190127765,Chocolate negro,es,,,"Pasta de cacao*, azúcar*, manteca de cacao*, emulgente: lecitinas* (girasol), extracto de vainilla*.",,"milk, tree_nut",,,,,,,"milk, tree_nut"
6111126001605,fawakih mangue 900ml,fr,,,"Eau, lait écrémé, sucre naturel, jus de fruits à base de concentrés (mangue), texturant : amidon, pectine de fruit, acidifiant : acide citrique",milk,,,,,,,milk,
3067140037898,Chicoree soluble nature bio 100g,fr,,,Chicorée Soluble,wheat_gluten,,,,,,,wheat_gluten,
3187570015447,Café moulu pur arabica des petits producteurs,fr,,,Café moulu pur Arabica,,,,,,,,,
5411188115533,soya Vanille,de,,,"SOJABASIS (Wasser, geschälte SOJABOHNEN (7,8%)), Zucker, Calciumcarbonat, Aromen, Meersalz, Säureregulator (Kaliumphosphate), Karottenextrakt, Stabilisator (Gellan), Vitamine (B2, B12, D2).Von Natur aus gluten - und laktosefrei.",soy,,,,,,,soy,
20283360,Fiocchi di avena integrali,it,,,Fiocchi d'avena,wheat_gluten,wheat_gluten,,,,,,wheat_gluten,wheat_gluten
3228021170046,Emmental râpé,fr,,,"LAIT de vache pasteurisé, sel, ferments lactiques, fécule de pomme de terre.",milk,,,,,,,milk,
90162602,Red Bull Energy Drink,en,,,"Water, Sucrose, Glucose, Acidifier (Citric Acid), Carbon Dioxide, Taurine (0.4%), Acidity Regulators (Sodium Bicarbonate, Magnesium Carbonate), Flavourings, Colours (Caramel, Riboflavin), Caffeine (0.03%), Vitamins (Niacin, Pantothenic Acid, B6, B12).",,,,,,,,,
8445290157348,Nesquik,pt,,,"Açúcar, cacau magro em pó (23%), emulsionante (lecitina de _soja_), sal, vitaminas (C, D), aroma natural e canela.",soy,,,,,,,soy,
6111032009412,Danone max red fruit,fr,,,"حليب بقري طازج, مسحوق الحليب منزوع الدسم, سكر, نكهة طبيعية, نكهة الفراولة, مثبتات, سترات الصوديوم, سترات البوتاسيوم, ملح, مستحلب, ليسيثين الصويا, لون طبيعي, عصير البنجر, فيتامين د",milk,,,,,,,milk,
3664346326872,Poulain Grand Arôme intense 70% de cacao,fr,,,"Cacao maigre (11 % de beurre de cacao) en poudre, sucre, arôme, Cacao:70 % minimum, Peut contenir lait et soja,",,"milk, soy",,,,,,,"milk, soy"
6111126005702,Chergui protéine vanille,fr,,,المكونات حليب بدون دسم، بروتين حليبي (الكازين)، بروتين لاكتوسيروم، مستحضر الفانيلا، النشاء بكتين الحمضيات، حمض الستريك، أنزيم اللاكتاز، محلي (سكرلون، خمائر حليبية .,milk,,,,,,,milk,
6111126005696,Proteines Mangue,fr,,,"Lait sans lactose, protéines de lait (Protein Catocerum), extrait de fruit de mangue, amidon, acide citrique, pectine locale (cicérone), enzyme de lactase, levure de lait.",milk,,,,,,,milk,
6111203001467,margarine la prairie 225g,fr,,,"Corps gras végétal, eau, sucre, sel, mono-diglycérides végétales, lécithine de soja, calcium, amidon, sorbate de potassium, antioxydant, acide citrique, arôme, β-carotène, 7 vitamines : A, B6, B2, B1, E, D et B12.",soy,,,,,,,soy,
8720174121128,Walnoten gepeld,nl,,,Walnoten.,tree_nut,,,,,,,tree_nut,
6111242102002,غلال القمح,fr,,,"Ingré&lents : lait entier enrichi en crème, sucre, poudre de lait écrémé, texturant : amidon, préparation de céréales, fibres, arômes, ferments ladiques et colorant naturel. Matière grasse : 3,4 % Poids net : 110 g",milk,milk,,,,,,milk,milk
7622210713889,Belvita Original Petit-Déjeuner miel et pépites de chocolat,fr,,,"Farine 49,6 % [BLE complet 20,3 %, BLE 20 %, ORGE complet 4,9 %, SEIGLE complet 3,4 %, épeautre complet (BLE) 1 %], sucre, huile de colza, flocons complets d'AVOINE 10,7%, pépites de chocolat 8,5 % [sucre, pâte de cacao, huiles végétales (palme et karité en proportion variable), dextrose, beurre de cacao, émulsifiant (lécithines de SOJA)], miel de fleurs 5 %, sirop de glucose-fructose, minéraux (carbonate de calcium, carbonate de magnésium, fer élémentaire), poudres à lever (diphosphates, carbonates de sodium, carbonates d'ammonium), sel, émulsifiants (lécithines de SOJA, E472e), LAIT écrémé en poudre, arômes. PEUT CONTENIR OEUF, FRUITS À COQUE, SESAME.","milk, soy, wheat_gluten","egg, sesame, tree_nut",,,,,,"milk, soy, wheat_gluten","egg, sesame, tree_nut"
78742121048,Buttermilk Jumbo Biscuits,en,,,"Enriched bleached flour (wheat flour, niacin, iron, thiamine mononitrate [vitamin b1], riboflavin [vitamin b2], folic acid), water, vegetable oil (palm, soybean and/or cottonseed oils), buttermilk, dextrose, sugar, leavening (sodium acid pyrophosphate, baking soda, sodium aluminium phosphate, aluminium sylfate). contains 2% or less of each of the following: modified wheat starch, salt, mono - and diglycerides, potassium chloride, natural and artificial flavor, xanthan gum, datem, potassium sorbate and tbhq (preservatives), sodium stearoyl lactylate, soy flour).","milk, soy, wheat_gluten",,,,,,,"milk, soy, wheat_gluten",
29161690,100% Almond Butter,en,,,almonds (100%),tree_nut,,,,,,,tree_nut,
5410093179616,Vegetal,en,,,زيوت نباتية (بذور اللفت، جوز الهند)، دهن نباتي (نخيل)، ماء، مستحلب: (471)، ملح (0.5%)، حليب مجفف منزوع الدسم، عامل الحفظ (E202)، حامض حمض الستريك، نكهة طبيعية، ملون كاروتينات، فيتامينات (فيتامين أ وفيتامين د). نسبة الدهون: 59%,milk,,,,,,,milk,
3228021170039,PRESIDENT CAMEMBERT 250g,fr,,,"LAIT (origine France), ferments lactiques et d'affinage, sel",milk,,,,,,,milk,
6111024001202,Huile de tournesol,fr,,,"Uhuale de tournesol content une guari *Uhe cuillerée à soupe dhule équaut a مق كبير من الزيت تعادل ما يقارب 0غ أو 90 كبلوكيالوري في على كمية مهمة من الأوميكا6 الأساسية ABRS UTNTONNELLES 100 Lipides i Acides gras saturés Acides gras monoinsaturés 27 IA Acdes gras polyinsaturés (e Oméga 6 e Fbres almentaires Viamine E mg Cholesterd Proteines g Guoides Sodum 100 11,3 613 liilia 61,15 0. الجسم إنتاجها۔ portated",,tree_nut,,,,,,,tree_nut
3362600011228,Sable coco Henry s 42g,fr,,,"Farine de _froment_, sucre, graisse végétale, noix de coco râpée, poudre de _lait_, poudre de _lactosérum_, sucre inverti, agents levants (bicarbonate d'ammonium - bicarbonate de Sodium), sel, arômes.","milk, wheat_gluten",soy,,,,,,"milk, wheat_gluten",soy
6111259347861,Pauz,fr,,,"Sucre, Farine de blé, Graisses végétales (palmiste, palme, tournesol), Poudre de lait de vache écrémé, Poudre de cacao, Poudre de lait de vache entier, Amidon de maïs, Emulsifiants d'origine végétale (lécithine de soja E322, Polyricinoléate de polyglycérol E476), Poudre levante (Bicarbonate de sodium E500ii), Sel et Arome (vanilline). Contient : Blé (céréales contenant du gluten), lait et soja; peut contenir des traces de fruits à coques et des arachides.","milk, soy, wheat_gluten","peanut, tree_nut",,,,,,"milk, soy, wheat_gluten","peanut, tree_nut"
8436547770137,Kéfir natural sabor suave,en,,,"milk, cream, skimmed milk powder and ferments",milk,,,,,,,milk,
4779028645758,Estrela grietinės ir svogūnų  180,en,,,"Bulvės, augaliniai aliejai (saulėgrąžų, rapsų įvairiomis dalimis), druska, svogūnų milteliai (1,3%), IŠRŪGŲ milteliai (iš PIENO), natūralios kvapiosios medžiagos, cukrus, PASUKŲ milteliai (iš PIENO), mielių ekstraktas, GRIETINĖLĖS milteliai (0,14%) (iš PIENO), prieskoninės žolelės, mielių milteliai, česnakų milteliai, rūgštis: citrinų rūgštis.",milk,,,,,,,milk,
3095758049019,Le Torchon - Cuit à l'Etouffée  - 25% de sel*,fr,,,"Jambon de porc, bouillons 1.8% (eau, échalote, carotte, _céleri_, oignon, poireau, ail, plantes aromatiques, épices, sel), sel, dextrose de maïs, épices, antioxydant : ascorbate de sodium, conservateur : nitrite de sodium.",,,,,,,,,
5010477365316,Oh my crisp ! - Noix,fr,,,"Flocons d'avoine complète, fibre de racine de chicorée, raisins de sultane, huile de colza et de tournesol, morceaux de noix de cajou, amandes entières, noisettes grillées, farines d'avoine, de riz, graines de tournesol, noix de coco séché, arôme naturel.",tree_nut,,,,,,,tree_nut,
3760091726667,Chocolat noir 80% Équateur intense et floral,fr,,,"pâte de cacao  70%, sucre de canne , beurre de cacao, Cacao : 80% minimum dans le chocolat,

° Issus de l'agriculture biologique (100%)
* Issus du commerce équitable (100% du poids total avec 89% SPP)",,"milk, sesame, tree_nut, wheat_gluten",,,,,,,"milk, sesame, tree_nut, wheat_gluten"
3451790988677,Le Beurre Tendre,en,,,"cream (origin france), milk fat , lactic ferments,",milk,,,,,,,milk,
5053990101597,Sour Cream & Onion,ro,,,"Dehydrated potatoes, vegetable oils (Conflower, corn), rice flour, wheat starch, corn flour, sour cream & onion flavour, wheat starch, flavour enhancers (monosodium glutamate, disodium guanylate, disodium inosinate}, onion powder, maltodextrin, salt, dextrose, sunflower oil, sugar, sweet whey powder (milk), potato starch, modified maize starch, acids (citric acid, lactic acid, malic acid), sour cream powder (milk)*, natural and nature identical flavourings onion powder and sour cream yeast extract, glucose syrup, four), emulsifier (E471) colour (annatto). milk.","milk, wheat_gluten",,,,,,,"milk, wheat_gluten",
8420756010320,kéfir nature,fr,,,"حليب, حليب نصف منزوع الدسم, قشطة الحليب, تخمير الكفير, الخمائر اللبنية, فيتامين B6, فيتامين B12",milk,,,,,,,milk,
7613035866386,CONTREX eau minérale naturelle,fr,,,"Minéralisation caractéristiques (mg/L) : Calcium 479 / Magnésium 72,2 / Sodium 9,4 / Sulfate 1121 / Bicarbonate 372 / Résidu sec à 180°C 2078.",,,,,,,,,
5449000036872,Hawai Tropical,ar,,,"ماء غازي, سكر, مركز عصير البرتقال, محليات, مواد حافظة, مثبت, نكهات طبيعية",,tree_nut,,,,,,,tree_nut
3083680973939,Ratatouille Cuisinée à la Provençal,fr,,,"Dés d'aubergines préfrites 25% (aubergines 22%, huile de tournesol), dès de courgettes 25%, purée de tomates mi-réduite 21%, oignons en dès 13%, poivrons rouges en dès 8%, double concentré de tomate 3%, huile d'olive vierge extra 1,5%, sucre 1,3%, sel, ail, jus concentré de citron, farine de BLE, thym 0.1%.",wheat_gluten,,,,,,,wheat_gluten,
187251,CHOCOLATEY CATS COOKIES For People,en,,,"unbleached enriched flour ( wheat  flour, niacin, reduced iron, thiamine mononitrate, riboflavin, folic acid), sugar, defatted cocoa powder (processed with alkali), invert syrup, palm oil, whole wheat flour, natural flavour, sodium bicarbonate, salt, vegetable mono and diglycerides, soy lecithin (an emulsifier), contain  wheat , soy, may contain traces of peanuts and tree nuts,","soy, wheat_gluten","peanut, tree_nut",,,,,,"soy, wheat_gluten","peanut, tree_nut"
8697435860235,,en,,,15 adet L boy yumurta,egg,,,,,,,egg,
3023291122005,Yaos Yaourt à la Grecque Nature,fr,,,"Lait entier (83,1%), crème (12,0%) (lait), poudre de lait écrémé, ferments lactiques. Fabriqué en France avec du lait français.",milk,,,,,,,milk,
7622300441937,Philadelphia Original,en,,,"whole milk, cream, milk protein preparation, concentrated whey permeate, salt, stabilizer (carob seed flour), acidifier (citric acid), pasteurized milk,",milk,,,,,,,milk,
744473474219,"Coconut milk non-dairy frozen dessert, coconut milk",en,,,"Non-dairy frozen dessert [organic coconut milk (water, organic coconut cream), organic dried cane syrup, inulin, natural vanilla flavor, guar gum, carob bean gum], chocolate coating (cane sugar, chocolate liquor, coconut oil, cocoa butter).",,,,,,,,,
6111242100305,jaouda Cremy,fr,,,"Lait frais, sucre, poudre de lait écrémé, texturant : amidon, crème, arôme, ferments lactiques sélectionnés, matière grasse 3%",milk,,,,,,,milk,
5060042641420,Chips sel de mer et poivre noir,fr,,,"Pomme de terre, huile de tournesol, farine de riz, sel de mer, épices (poivre noir concassé, poivre noir moulu), sucre, extrait de levure, arôme naturel.",,milk,,,,,,,milk
8410076481597,Tortilla Nachos Original,en,,,"whole corn kernels, high oleic sunflower oil, salt.",,"milk, sesame, soy",,,,,,,"milk, sesame, soy"
3480341000704,Carré Frais 0% Ail & Fines Herbes,fr,,,"_lait_ écrémé (origine: France), sel, ail, persil, ciboulette, poivre, arômes naturels, ferments lactiques,",milk,,,,,,,milk,
3466090030308,Tapenade noire facon des bergers Varois,fr,,,"Olives noires 80%, huile d'olive vierge extra, câpres, ail (sulfites), crème d'anchois (anchois sales Engraulis encrasicolus 85% (poisson), huile d'olive 14%, vinaigre de vin rouge, épices), jus de citron concentré, plantes aromatiques, poivre blanc.",fish,,,,,,,fish,
5449000267412,Coca-Cola goût original,fr,,,"eau gazéifiée, sucre, colorant (E150d), acidifiant (acide phosphorique), arômes naturels, caféine",,,,,,,,,
78742102047,Mild Cheddar,en,,,"Cheddar cheese (pasteurized milk, cheese culture, salt, enzymes, annatto colors). potato starch and powdered cellulose added to prevent caking. natamycin (a natural mold inhibitor).",milk,,,,,,,milk,
6111242102019,flan caram jao dan,fr,,,"في 460 على قصر Ingre La Bonne Recette Jaouda Flan au Coulis de Carame TRAVA 6 111242102019 te entier, amidon, sucre, nappage caramel, carrach يستهلك قبل DF=DLC-30 jours 85g",,tree_nut,,,,,,,tree_nut
5025125000112,Proper Sourdough,en,,,"Wheat Flour (Wheat Flour, Calcium Carbonate, Iron, Niacin, Thiamin), Water, Rye Flour, Salt, Fermented Wheat",wheat_gluten,,,,,,,wheat_gluten,
6111032002970,عصري بناشي,fr,,,"lait sans crème, sucre, poudre
Lait sans matière grasse, coagulants (amidons), crème
de fruits, beurre, lactosérum, graisses végétales de
coco), arômes, colorant naturel, extrait de paprika,
curcumine, acides lactiques pour yaourt, régulateur Acidité (acide citrique)",milk,,,,,,,milk,
6111246721940,le blanc nature 900g araai,fr,,,"Produit à partir de Lait de vache pasteurise, Proteinas nutritives de lait de vache, Matière grasse végétale de Soja, Epaississant, Sorbare de potassium Ingredients Produced from Pasteurized cow's milk, Nutritional cow's milk proteins, Soybean vegetable fat, Thickener, Potassium sorbate",milk,,,,,,,milk,
6111242109544,,en,,,"Lait frais entier, crème, sucre, texturant amidon, préparation (chocolat, avoine, beurre de cacao, miel de fleurs, noix de coco et crème de coco), poudre de lait écrémé, fibres naturelles inuline de chicorée, arômes naturels, sels minéraux, ferments lactiques sélectionnés. Contient du gluten, Matière grasse: 3.7%",wheat_gluten,,,,,,,wheat_gluten,
6111266962644,لذيذ,ar,,,حليب بدون دسم، دهون نباتية، أجبان، زبدة، أملاح مستحلبة، فوسفات ثلاثي الكالسيوم، متعدد الفوسفات، فوسفات الصوديوم، حمض السيتريك، مختر (كاراجينات، نشا معدل)، بروتينات الحليب، ملح، مادة حافضة : حمض السوريك، فيتامين A و D3,milk,,,,,,,milk,
5708636225266,Ginger beetroot shot,nl,,,"Bietensap 70%*, Gembersap 20%*, Wortelsap*, Appelsap (van (aus Konzentrat)*. concentraat)* en citroensap (van concentraat)*. *= biologisch.",,,,,,,,,
8076809529433,Whole Wheat Penne Rigate,en,,,"Fuldkorns _durumhvede_, Vand",wheat_gluten,soy,,,,,,wheat_gluten,soy
3161711000622,Caprice des Dieux,fr,,,"Lait de vache , crème , sel, ferments lactiques (lait).",milk,milk,,,,,,milk,milk
5411188122661,"Alpro Mandeldrink Weiß Ungesüßt, Ungeröstet 1 LT",de,,,"Wasser, MANDELN (2,3%), Calcium (Tricalciumphosphat), Meersalz, Stabilisatoren (Johannisbrotkernmehl, Gellan), Emulgator (Lecithine), natürliches Aroma, Vitamine (B2, B12, E, D2). Mandeln aus Italien und Spanien. Kann Spuren von Schalenfrüchten (keine Erdnüsse) enthalten.",tree_nut,tree_nut,,,,,,tree_nut,tree_nut
3502110009449,Orangensaft,en,,,"orange juice,",,,,,,,,,
8721800402055,Leerdammer original 8 tranches 200g,fr,,,"LAIT pasteurisé, sel, ferments LACTIQUES, enzyme coagulante microbienne",milk,,,,,,,milk,
3165950211726,Filet de maquereaux au naturel,fr,,,"Filets de maquereaux, eau, sel",fish,,,,,,,fish,
3073781131888,verse smeltkaas,en,,,"pasteurized fresh milk 53% (origin: france), cream 32% (origin: france), water, milk proteins, milk mineral concentrate, lactic ferments, salt,",milk,,,,,,,milk,
41498239541,"Brown Rice Crackers, Wasabi",en,,,"Organic brown rice, organic sesame seed, organic white rice, organic wasabi type seasoning (organic maltodextrin, sea salt, natural flavor, organic rice concentrate [anti-caking]), organic sunflower oil.",sesame,,,,,,,sesame,
6111162000839,Confiture de fraise,fr,,,"Fraises, sucre.",,,,,,,,,
3380380047749,Tartines craquantes au sarrasin,fr,,,"Farine de sarrasin (97,6%), sucre de canne complet (-2%), sel marin.",,,,,,,,,
6111246721261,Fromage Blanc Nature,fr,,,"Lait de vache pasteurisé, Protéines de lait de vache, Crème de lait de vache, Ferment lactique, Amidon, Epaississant, Sorbate de potassium",milk,milk,,,,,,milk,milk
6111242100985,,ar,,,"lait ecremé, créme, ferments lactiques. Matière grasse: 6% Poids net:90g",milk,,,,,,,milk,
5601009974337,Iogurte Morango Banana,pt,,,"_Leite_ pasteurizado desnatado, _leite_ pasteurizado, açucar, sumo de morango reconstituído e polpa de morango, polpa de banana, _leite_ em pó magro, dextrose, aroma banana, aroma morango, corantes da fruta (antocianinas, beta-caroteno), amido de milho, espessantes (pectina amidada, goma xantana), fermentos lácticos, regulador de acidez (citrato trissódico), conservante da fruta (sorbato de potássio).",milk,,,,,,,milk,
3017620425035,Nutella,fr,,,"Sucre, huile de palme, NOISETTES 13%, LAIT écrémé en poudre 8,7%, cacao maigre 7,4%, émulsifiants: lécithines [SOJA]; vanilline. Sans gluten","milk, soy, tree_nut",,,,,,,"milk, soy, tree_nut",
3560070614202,Copos de Avena Integral,en,,,"100% wholegrain oat flakes,",wheat_gluten,,,,,,,wheat_gluten,
3451790439506,Elle & vire creme fraiche epaisse legere 12%mg poche 328g,fr,,,"CREME légère de Normandie, fécule, ferments lactiques.",milk,,,,,,,milk,
6111032009146,Actimel,fr,,,"Lait écrémé, poudre de lait écrémé, sucre, lactose alimentaire, crème, beurre, épaississant (amidon), arômes, ferments lactiques (Lactobacillus Casei, ferments lactiques du yaourt), minéraux (Fer et Zinc), vitamines (B6 et D3). M.G.: 1,8%.",milk,,,,,,,milk,
3564707117203,Lait Amande calcium,fr,,,"Eau, amande** 2,8 %, amidon de manioc**, algue Lithothamnium calcareum, arôme naturel, épaississant : farine de graines de caroube**, sel.
**Ingrédients issus de l'agriculture biologique.",tree_nut,,,,,,,tree_nut,
5411188128311,Coco Sans Sucres,fr,,,"Eau, lait de coco (14,1%) (eau, crème de noix de coco (5,3%), eau de noix de coco (2,6%)), calcium (phosphate tricalcique), arôme naturel de noix de coco, stabilisants (gomme guar, gomme xanthane, gomme gellane), sel marin, vitamines B12, D2.",,tree_nut,,,,,,,tree_nut
3154230809869,Jambon à l'étouffée sans nitrite,fr,,,"Jambon frais de porc, Sel, Arômes naturels (présence naturelle de polyphénols), Bouillon (eau, gras et couenne de porc, os de porc, sel, extraits de carotte et d'oignon, épices et plantes aromatiques), Sucre, Chlorure de potassium, Antioxydant: Acide ascorbique, Vinaigre en poudre.",,,,,,,,,
3019081238643,Sardines Huile d'Olive Vierge Extra,fr,,,"_Sardines_, huile d'olive vierge extra, sel",fish,,,,,,,fish,
3175681280502,Le petit Gerblé nature,fr,,,"Farines (blé 36,9%, blé complet 18,5%), sucre de canne roux, huile de colza, flocons de blé complet 11,8%, germe de blé 10,2%, jus concentré de citron, poudre à lever : carbonates de sodium.",wheat_gluten,,,,,,,wheat_gluten,
3292070005161,Houmous extra - Pois chiches français & graines de sésame,fr,,,"pois chiches 48% - eau - huile de colza - pâte de graines de sésame 11% - graines de sésame 1,2% - sel - jus de citron concentré - conservateur: E202. Traces éventuelles de: céréales contenant du gluten, crustacés, oeufs, poissons, soja, lait, moutarde et mollusques.",sesame,"egg, fish, milk, shellfish, soy, wheat_gluten",,,,,,sesame,"egg, fish, milk, shellfish, soy, wheat_gluten"
34000214655,Dipped pretzels,en,,,"farine de blé enrichie (farine, sulfate ferreux [fer], vitamines b3-b1-b2 b9), sucre, huiles végétales (palme, karité, tou mesol, palmiste, colza, carthame), lait écrémé, extrait sec de sirop de maïs, lactose (lait), 2% ou moins de: cacao alcalisé, sel, isoglucose, tapioca, malt, régulateur d'acidité e500ii, farine de maïs, lecithine de soja e322, levure, dextrose, arôme artificiel de vanilline, antioxydant e 307 (vitamine e), conservateur e319, émulsifiant. fabriqué sur un équipement qui traite également des cacahuètes. contient des ogm. od",milk,,,,,,,milk,
6111252420059,Pepsi 2L,fr,,,"eau gazeifiée, sucre, édulcorants, acidulants (acide phosphorique, acide citrique), arômes naturels, conservateur (sorbate de potassium), caféine, émulsifiant (gomme arabique)",,,,,,,,,
6111162000181,Joly Thon Entier,fr,,,"Thon, huile végétale, sel.",fish,,,,,,,fish,
4056489346364,Coconut And Rice Milk,en,,,"water, 5.3% coconut milk (coconut cream, water), 3.3% rice, sea salt, natural coconut flavor, stabilizers: guar gum, gellan gum, xanthan gum,",,tree_nut,,,,,,,tree_nut
8445290133403,Nesquik,fr,,,"Sucre, cacao maigre en poudre* (23%), émulsifiant : lécithine de SOJA, sel, vitamines (C, D), arôme naturel, cannelle. *Bilan massique certifié Rainforest Alliance www.ra.org/fr",soy,,,,,,,soy,
6111035000058,Eau minérale naturelle,en,,,100% mineral water,,,,,,,,,
3760091724632,Chocolat noir PEROU GRAND CRU AMAZONAS 70%,fr,,,"Pâte de cacao°* du Pérou 65%, sucre de canne°*, beurre de cacao°*. Cacao: 70% minimum dans le chocolat.",,"milk, sesame, tree_nut, wheat_gluten",,,,,,,"milk, sesame, tree_nut, wheat_gluten"
6111099000247,Hule D'olive,fr,,,Huiled'olive vierge,,tree_nut,,,,,,,tree_nut
3270190025337,Lait demi-écrémé Stérilisé UHT,fr,,,_Lait_ demi-écrémé,milk,,,,,,,milk,
6111184000701,Star moutarde 200 g,fr,,,"water, sesame seeds, salt, citric acid",sesame,,,,,,,sesame,
3033492056603,SKYR,en,,,"LAIT écrémé, ferments lactiques (LAIT)",milk,,,,,,,milk,
3046920029759,Excellence Noir Prodigieux 90% Cacao,fr,,,"Pâte de cacao, beurre de cacao, cacao maigre, sucre, vanille.",,tree_nut,,,,,,,tree_nut
6111242101272,Muscly la force pour grandir,fr,,,"Lait frais, crème, sucre, ferments lactiques, arôme fraise, colorant naturel. Matière grasse: 7,5%",milk,,,,,,,milk,
3228857002344,Pain de mie american sandwich complet sans sucres ajoutés 600g,fr,,,"Farine complète de BLÉ 39,3%, eau, farine de BLÉ 26,7%, huile de colza, fibre de chicorée, arôme (contient alcool), sel, vinaigre, farine de SEIGLE maltée, levure, gluten de BLÉ, levure désactivée, extrait d'acérola. Peut contenir des traces d'OEUFS, SOJA, LAIT, FRUITS À COQUE et GRAINES DE SÉSAME.",wheat_gluten,"egg, milk, sesame, soy, tree_nut",,,,,,wheat_gluten,"egg, milk, sesame, soy, tree_nut"
6111031005033,Tagger,en,,,"Sucre, Huiles Végétales Non-Hydrogénées (Palme, Palmiste), Farine De Blé, Cacao Maigre en Poudre, Lactosérum En Poudre, Emulsifiant (Lécithine De Soja), Poudre A Lever (Bicarbonate De Sodium), Sel. CONTIENT LAIT, BLE (GLUTEN),SOJA","milk, soy, wheat_gluten",,,,,,,"milk, soy, wheat_gluten",
3175680011480,Sésame,fr,,,"Farine de blé 57%, sucre de canne roux, huile de colza, sésame toasté 10,6%, germe de blé 5,4%, farine complète de blé 5,4%, arôme naturel, magnésium, émulsifiant : lécithines, poudres à lever (tartrates de potassium, carbonates de sodium, carbonates d'ammonium), sel de mer, amidon de blé, vitamines (E, PP, B6, B1, B9).

Fabriqué dans un atelier qui utilise des fruits à coque, du lait, du lupin, de la moutarde, des oeufs et du soja","sesame, wheat_gluten","egg, milk, soy, tree_nut",,,,,,"sesame, wheat_gluten","egg, milk, soy, tree_nut"
6111266962187,Lait de la ferme jaouda,fr,,,Lait frais pasteurisé demi écrémé à 15g/l de matière grasse,milk,,,,,,,milk,
3265474000018,Huile Isio 4,fr,,,"Huile de colza 47%, huile de tournesol 43%, Oléisol (huile de tournesol à haute teneur en acide oléique) 5%, huile de lin 5%, arôme naturel de coriandre, vitamine D",,,,,,,,,
8720182557452,Moutarde à l’ancienne,fr,,,"Vinaigre d'alcool, graines de MOUTARDE, eau, sel, sucre, arôme naturel, acidifiant : acide lactique, conservateur : DISULFITE de potassium.",,,,,,,,,
3073781192186,La vache qui rit,fr,,,"LAIT écrémé réhydraté (origine : France), FROMAGES, BEURRE, protéines de LAIT, sel de fonte : polyphosphates, calcium, concentré de minéraux du LAIT, concentré lactique LAITIER.",milk,,,,,,,milk,
4056489491217,Skyr,fr,,,"Lait écrémé, ferments lactiques, enzyme coagulante d’origine microbienne selon approvisionnement",milk,,,,,,,milk,
6111242103528,Croissance réduit en sucre,fr,,,"Lait partiellement écrémé, lactose, huiles végétales non hydrogénées (colza, tournesol), malto dextrines, saccharose, lécithine de tournesol, vitamines : (A, B1, B2, B5, B6, B8, B9, B12, C, D3, E, K1, PP, taurines), sels minéraux : (citrate de calcium, citrate de magnésium, sulfates de fer, de zinc, de cuivre et de manganèse, iodure de potassium, sélénite de sodium).",milk,,,,,,,milk,
7622210584724,Dark chocolate,fr,,,"pâte de cacao*, beurre de cacao*, cacao maigre en poudre*, sucre de canne*, extrait de vanille*, * ingrédients issus de l'agriculture biologique",,"milk, tree_nut",,,,,,,"milk, tree_nut"
6111180007650,Cacao,fr,,,Poudre de Cacao,,tree_nut,,,,,,,tree_nut
5060088700112,Protein Bars Cocoa Hazelnut,en,,,"Dates (38%), Peanuts (35%), Chicory fibre (10%), Peanut flour (8%), Hazelnuts (5%), Fat-reduced cocoa powder (3%), natural flavouring.","peanut, tree_nut","soy, tree_nut",,,,,,"peanut, tree_nut","soy, tree_nut"
6111242100206,Le nature,fr,,,"lait frais entier, poudre de lait écrémé, amidon, ferment lactique sélectionné",milk,milk,,,,,,milk,milk
20022471,Čokoláda na vaření,en,,,"sugar, cocoa mass, cocoa butter, emulsifier: lecithins, vanilla extract,",,"milk, peanut, soy, tree_nut, wheat_gluten",,,,,,,"milk, peanut, soy, tree_nut, wheat_gluten"
3564707105675,Boisson avoine,fr,,,"Eau, avoine* 11 %, huile de tournesol*, sel.

*Ingrédients issus de l'agriculture biologique.",wheat_gluten,,,,,,,wheat_gluten,
3600900021050,Tipiak Graine Parfumé,fr,,,"Semoule de blé dur précuite (gluten) (93%), épices (dont céleri) (1,8%), sel, arômes naturels, poivron rouge déshydraté, huile de tournesol, graines de cumin, oignon en poudre, ail en poudre, tomate en poudre.",wheat_gluten,"egg, fish, milk, peanut, sesame, shellfish, soy, tree_nut",,,,,,wheat_gluten,"egg, fish, milk, peanut, sesame, shellfish, soy, tree_nut"
6111260230619,Tranches Au Goût Cheddar,ar,,,Valeurs nutritionnelles Valeurs moyennes pour 100g القيمة الغذئية. بروتين / Proteines الدهون / Lipides كربوهيدرات / Glucides كيلو كالوري / Kcal 9 Num d'ag 111260 القيمة لكل 100غ و10 غ 219غ 230619 رقم: 1217-LPLS 7g 285 RI,,,,,,,,,
3272770016131,Chavroux Pur Chèvre,fr,,,"Lait de chèvre, crème de chèvre , sel, arôme naturel de chèvre.",milk,milk,,,,,,milk,milk
3336972109104,Chips de lentilles saveur oignons caramelisés,fr,,,"Farine de lentilles (36%), huiles végétales (tournesol, colza), farine de riz, farine de maïs, amidons, oignons, sel, sucre, arôme naturel, poivre vert, régulateur d'acidité (acide citrique, acide lactique) chlorure de potassium.",,"milk, peanut, soy, wheat_gluten",,,,,,,"milk, peanut, soy, wheat_gluten"
8480017245670,Cóctel de encurtidos,es,,,"agua, aceitunas verdes, hortalizas en
proporción variable (pepinillo, cebollita, ,zanahoria) (contiere
sulfitos), sal, vinagre de alcohol, potenciadores del sabor
(glutamato de monosodio, 5-ribonucleótidos de disodiol
acidulante (ácido citrico), , antioxidante (ácido
Puede contener trazas de leche, crustáceos, pescado y
frutos de cáscara, mostaza.",,"milk, shellfish",,,,,,,"milk, shellfish"
3088542500285,Sirop d'érable,fr,,,sirop d'érable.,,,,,,,,,
6111101001361,Asta,en,,,r•ee z=CagStzaca - TéL: OS 22 621212,,,,,,,,,
5000295157873,Utterly Butterly,en,,,"Water, Vegetable Oils in varying proportions (Rapeseed, Sustainable Palim, Sunflower), Buttermilk, Salt, Emulsifiers (E471, Lecithins), Preservative (Potassium Sorbate), Acid (Lactic Acid), Colours (Curcumin, Annatto Bixin), Flavouring.",milk,,,,,,,milk,
3380380046940,Tartines Craquantes Sarrasin,fr,,,Farine de sarrasin*. *issue de l'agriculture biologique.,,,,,,,,,
5449000133328,Cocacola zero sugar,fr,,,"Eau gazéifiée, colorant E150d, acidifiants , acide phosphorique, citrate de sodium, édulcorants , aspartame, acésulfame-K, arômes naturels (extraits végétaux), dont caféine, Contient une source de phénylalanine,",,,,,,,,,
6111037000506,Margarine patissière,fr,,,"Huiles et graisses 100% végétales, eau, sucre, émulsifiants: mono-diglycérides végétales et lécithine de soja, sel (0,3%), amidon, conservateur: sorbate de potassium, acidifiant: acide citrique, arôme, antioxydant (E321), colorant: béta-carotène. Conserver au frais et au sec. 208 208 208208208 20g 20g og 20g 20g 20g 137 2000506 شارع ROC",soy,,,,,,,soy,
6111126005580,Chergui Lait,fr,,,Lait frais pasteurisé demi écrémé,milk,,,,,,,milk,
3229820021027,P'tit Nature Complet,fr,,,"Farine complète de blé* 76,8%, Sucre de canne* roux, Huile de colza*, Amidon de blé*, Poudre à lever (carbonates d'ammonium), Sel marin, Arôme naturel de vanille, Antioxydant (extraits de romarin).",wheat_gluten,"egg, milk, sesame, soy",,,,,,wheat_gluten,"egg, milk, sesame, soy"
6111259093102,Cheeslé Blanc nature,fr,,,Fromage blanc ; Protéine du lait ; Poudre de lait écrémé ; Huile végétale ; Amidon modifié ; Acide citrique ; Conservateur (E202).,milk,,,,,,,milk,
7613039490266,Nesquik,en,,,"sugar, natural defatted cocoa powder 23%, emulsifier (soy lecithin), salt, vitamins (c, d), natural aroma, cinnamon,",soy,,,,,,,soy,
3664346305983,Poulain,en,,,"sugar, lean cocoa (11 % cocoa butter) powder, aroma,",,"milk, soy",,,,,,,"milk, soy"
3046920028363,Excellence 85% Cacao Rich Dark,nl,,,"Cacaomassa, magere cacao, cacaoboter, bruine suiker, vanille.",,"milk, sesame, soy, tree_nut",,,,,,,"milk, sesame, soy, tree_nut"
5449000206770,Eau de table,fr,,,Eau de Table,,tree_nut,,,,,,,tree_nut
3228857001118,Pain 100% mie nature sans sucre ajouté,fr,,,"Farine de blé 58,5%, eau, farine complète de blé 5,8%, huile de colza, fibre de chicorée, arôme (contient alcool), sel, vinaigre, levure, farine de fèves, extrait d'acérola. peut contenir des traces d'oeufs, soja, lait, fruits a coque, graines de sésame.",wheat_gluten,"egg, milk, sesame, soy, tree_nut",,,,,,wheat_gluten,"egg, milk, sesame, soy, tree_nut"
6111248360376,Eau mineral 33cl aman,fr,,,water,,,,,,,,,
6111035502828,Eau minéral naturelle,fr,,,Aïn Atlas EAU MINERALE NATURELLE $5 VOTRE CAFÉ POUR ACCOMPAGNER An Atlas,,,,,,,,,
3760324300015,2 Steaks végétaux et gourmands,en,,,"rehydrated textured pea protein (water, pea protein (9,5%), pea extract), water, sunflower oil, faba bean protein (2,5%), pea protein (2%), potato starch, plant fiber (bamboo, plantain, potato), natural flavors, salt, beet juice concentrate, barley malt extract, maltodextrin, acidity regulators: buffered vinegar and citric acid,  antioxidant: rosemary extract, stabilizer: methylcellulose",wheat_gluten,"sesame, soy, wheat_gluten",,,,,,wheat_gluten,"sesame, soy, wheat_gluten"
5050665024519,Oven Roasted Garlic & Onion Pasta Sauce,en,,,"Tomatoes (90%)(Puree, Chopped), Onion (44%), Roasted Garlic (2%), Sugar, Salt, Herbs, Spices, Food Acid (Citric), Spice.",,"egg, fish, milk, peanut, sesame, shellfish, soy, tree_nut",,,,,,,"egg, fish, milk, peanut, sesame, shellfish, soy, tree_nut"
8076809573252,Baiocchi nocciola 260g,fr,,,"Biscuit: Farine de BLÉ 51,6%*, sucre, huile de tournesol, OEUFS, LAIT en poudre écrémé, LAIT entier pasteurisé, sel, poudres à lever (carbonate acide de sodium, tartrate monopotassique, carbonate acide d'ammonium), amidon de BLÉ, arôme. Fourrage aux NOISETTES et au cacao 28%*: sucre, graisses et huiles végétales (karité, tournesol), NOISETTES 7,1%*, cacao 2,6%*, LAIT en poudre écrémé, amidon de BLÉ, arôme. *% exprimé sur le produit fini. Peut contenir des traces d'autres FRUITS A COQUE, MOUTARDE et SOJA.","egg, milk, tree_nut, wheat_gluten","peanut, sesame, soy, tree_nut",,,,,,"egg, milk, tree_nut, wheat_gluten","peanut, sesame, soy, tree_nut"
3033710065967,NESQUIK Cacao,fr,,,"Sucre, cacao maigre en poudre 23%*, émulsifiant : lécithine de SOJA, sel, vitamines : C, D, arôme naturel, cannelle. *Bilan massique certifié Rainforest Alliance www.ra.org/fr",soy,,,,,,,soy,
8000500082379,Nutella,en,,,"sugar, palm oil,  hazelnuts  (13%), skimmed  milk  powder (8,7 %), lean cocoa (7,4 %), emulsifier: lecithins ( soya ), vanillin,","milk, soy, tree_nut",,,,,,,"milk, soy, tree_nut",
3760091722508,Chocolat noir 85% Madagascar,fr,,,"Pâte de cacao de Madagascar 75%, sucre de canne, beurre de cacao 10%",,"milk, sesame, tree_nut, wheat_gluten",,,,,,,"milk, sesame, tree_nut, wheat_gluten"
6111242104556,Leben,fr,,,"Lait frais partiellement écrémé, ferments lactiques sélectionnés Matière grasse: 25g/L",milk,,,,,,,milk,
3497917002451,La Chips de Sarrasin au Sel de Guérande,fr,,,"Farine de sarrasin (France) (60,9%), huile de tournesol (38%), sel de Guérande (1,1%).",,"egg, milk, wheat_gluten",,,,,,,"egg, milk, wheat_gluten"
90375323,Coca cola zero,it,,,"Acqua, anidride carbonica, colorante E 150d, edulcoranti ciclammato di sodio, acesulfame K e aspartame, acidificante acido fosforico, aromi naturali, aroma caffeina, correttore di acidità citrato trisodico. Contiene una fonte di fenilalanina. Prodotta Su autorizzazione della The Coca-Cola Company da Coca-Cola HBC",,,,,,,,,
3273220080108,soja nature sans sucre,fr,,,Jus de soja 100%.,soy,,,,,,,soy,
749826000008,POPPED CRISPS Sour Cream & Onion,en,,,"Pea Protein, Lentil Flour, Potato Starch, Rice Flour, Sunflower Oil, Whey, Pea Protein, Onion Powder, Salt, Natural Flavor, Sugar, Sour Cream, Cream Solids, Cultured Non-Fat Milk, Yeast Extract, Garlic Powder, Spices, Citric Acid, Lactic Acid",milk,,,,,,,milk,
7613036012249,NESQUIK Poudre Cacaotée boîte 500g,fr,,,"Sucre, cacao maigre en poudre 23%*, émulsifiant : lécithine de SOJA, sel, vitamines : C, D, arôme naturel, cannelle. *Bilan massique certifié Rainforest Alliance www.ra.org/fr",soy,,,,,,,soy,
6111099000599,Huile de table,fr,,,"Huiles végétales (Soja), Vitamine A, Vitamine D3",soy,,,,,,,soy,
6111032002963,asiri fraise,fr,,,"حليب کامل دسم، حليب بدون قشدة، سگر، مستحضرات الفواکه، مخثرات نشويات(، منظم الحموضة )حمض الستريك(، نكهة، خمائر حليبية,  ليوغورته ملون طبيعي أحمركارمين.",,,,,,,,,
3760324300145,Suprêmes panés végétaux et gourmands,fr,,,"Eau, farine de blé, protéine de blé, huile de colza, huile de tournesol, fibres de bambou, stabilisant : méthylcellulose, fibre de pois, fibre de plantain, levure, vinaigre, arômes naturels, sel, antioxydant : extrait de romarin. Ce produit peut contenir des traces de : céréales contenant du gluten, lait, sésame, soja.",wheat_gluten,"milk, sesame, soy, wheat_gluten",,,,,,wheat_gluten,"milk, sesame, soy, wheat_gluten"
5059319023762,Miel Pops,fr,,,"Farine de maïs (80%), sucre, sirop de glucose, fibre de maïs, miel (2%), extrait de malt d'orge, sel, arôme naturel, niacine, fer, vitamine B6, riboflavine, thiamine, acide folique, vitamine D, vitamine B12, colorant (caroténoïdes).",wheat_gluten,,,,,,,wheat_gluten,
6111184001562,Sel de table iodé,fr,,,"Sel, iodate de potassium et anti-agglomérants",,,,,,,,,
7613287431943,Nesquik Cocoa,fr,,,"Sugar, Fat Reduced Cocoa Powder, Emulsifier From Plant Origin: Soya Lecithin, Salt, Vitamins (C, D), Natural Vanilla Flavor, Cinnamon",soy,,,,,,,soy,
3175681851856,Biscuit raisins,fr,,,"Farine de blé 60,4%, huile de colza, sucre non raffiné, pâte de raisins 6,9%, germe de blé 5,1%, amidon de blé, raisins secs 2,8%, fibres de blé, magnésium, émulsifiant lécithines, poudres à lever (tartrates de potassium, carbonates de sodium), arôme naturel, vitamines (B1, B6, B9, D, E).",wheat_gluten,"milk, sesame, soy, tree_nut",,,,,,wheat_gluten,"milk, sesame, soy, tree_nut"
5449000232311,FuzeTea Thé noir glacé saveur pêche,fr,,,"Eau, sucre, acide citrique, acide malique, extrait de thé noir (0,12%), jus de pêche à base de concentré (0.1%), arôme naturel de pêche, arômes naturels, citrates de sodium, acide ascorbique, glycosides de stéviol issus de Stevia, extrait d'hibiscus.",,,,,,,,,
5411788047494,Tamari Hot Chili Et Lemon,fr,,,"Tamari 55% (eau, soja*, sel marin alcool*, I citron* 15%, sirop de riz*, poivre de Cayenne* 8010, eau, amidon de maïs*. de l'agriculture biologique) Sans matières grasses.",soy,,,,,,,soy,
3229820116716,Muesli aux fruits,fr,,,"Flocons d'avoine complète, flocons de seigle, flocons d'orge, flocons d'épeautre (blé), raisins 7% (raisins, huile de tournesol), flocons de blé, dattes 4% (dattes, farine de riz), pommes 3,5%, lamelles de bananes 3,5% (bananes, sucre de canne brut, huile de coco), copeaux de noix de coco 1.5%.","tree_nut, wheat_gluten","milk, sesame, soy, tree_nut",,,,,,"tree_nut, wheat_gluten","milk, sesame, soy, tree_nut"
8712100731822,Amora Spécialité à la Moutarde de Dijon aux Épices Savora Bocal 385g,fr,,,"Moutarde de Dijon 40% (eau, graines de MOUTARDE brunes 10%, vinaigre d'alcool, sel, acidifiant : acide citrique, conservateur : DISULFITE de potassium), vinaigre de malt d'ORGE 27%, eau, farine de BLÉ, sucre, vinaigre d'alcool, sel, miel 1,4%, épices et aromates 0,8% (curcuma, cannelle, ail, noix de muscade, oignon, graines de CÉLERI, piment de Cayenne, clou de girofle, graines de MOUTARDE blanches, estragon).",wheat_gluten,,,,,,,wheat_gluten,
6111017007013,Caobel,en,,,"Ingrédients Sucre, poudre de cacao, cernates, amidon, arôme artificiel vanilline, sel Conservation Afin de préserver toutes les qualités de Caobe il est recommandé de bien refermer le sachet et de le conserver dans un endroit sea.",,,,,,,,,
3229820787985,Crème de coco légère,fr,,,"Noix de coco* 55%, eau, maltodextrine de maïs*, épaississant: gomme guar*. *Ingrédients biologiques,",,"soy, tree_nut, wheat_gluten",,,,,,,"soy, tree_nut, wheat_gluten"
3560071014094,Amande Sans sucres,fr,,,"Eau, _amande_ * (2,8%), amidon de manioc*, arôme naturel d'_amande_, épaississant : farine de graine de caroube*, sel marin. *ingrédients issus de l'agriculture biologique.",tree_nut,,,,,,,tree_nut,
8434165466333,Krit krititas galletas saladas,es,,,"Harina de _trigo_, aceite de girasol alto oleico (26%), azúcar, jarabe de glucosa y fructosa, extracto de malta de _cebada_, sal, gasificantes (carbonatos de amonio, carbonatos sodio), corrector de acidez (fosfatos de calcio), sal mineral de potasio, levadura, agente de tratamiento de la harina (_metabisulfito_ sódico). Puede contener _sésamo, leche, mostaza, soja,huevo._",wheat_gluten,"egg, milk, sesame, soy",,,,,,wheat_gluten,"egg, milk, sesame, soy"
6111035002052,Bul'tropicale,fr,,,"eau minérale naturelle gazeuse, jus de fruits, sucre, arômes, acidifiant acide citrique, antioxydant acide ascorbique, colorant, sel",,,,,,,,,
7311070032574,"Golden Wheat Swedish Krisprolls, 7.9oz (225g)",fr,,,"Farine de BLÉ (90%), sucre, huiles végétales (colza), levure, sel, malt d'ORGE.",wheat_gluten,,,,,,,wheat_gluten,
8886303210207,Natural Coconut Cream,en,,,"Natural Coconut Cream (99.9%), Xanthan Gum, Guar Gum, Carrageenan.",tree_nut,,,,,,,tree_nut,
5449000147417,Cappy PULPY,fr,,,"D 1Le BG: Негазирана напитка със сок от портокал от концентрат, с пулп от портокал, с добавен витамин С. Със захари и подсладители. Плодово съдържание 7%. Пастьоризирана. Съставки: вода, фруктозо-глюкозен сироп, пулп от портокал (4%), сок от портокал от концентрат (3%), киселина (лимонена киселина), витамин С (L-аскорбинова киселина), регулатор на киселинност (натриеви цитрати), ароматизанти, стабилизатори (акациева гума, глицеролови естери на дървесни смоли, алфа-токоферол), подсладители (цикламати, стевиолови гликозиди от стевия, ацесулфам К), оцветител (каротини). MD: Băuturà răcoritoare necarbogazoasă cu suc de portocale din concentrat (3%) si pulpă de portocale (4%), cu zaharuri si indulcitori. Produs pasteurizat. Ingrediente: apã, sirop de glucozã-fructozã, pulpã de portocale (4%), suc de portocale din concentrat (3%), acidifiant (acid citric), vitamina C (acid L-ascorbic), corector de aciditate (citrati de sodiu), arome, stabilizatori (guma de acacia, esteri glicerici ai rasinilor din lemn, alfa-tocoferol), indulcitori (ciclamati, glicozide steviolice din stevia, acesulfam-K), colorant (caroteni).",,wheat_gluten,,,,,,,wheat_gluten
6111099000582,Lio huile de table,ar,,,"lio Huile de table A ingredients: Huiles vegetales (Soja), Vitamine A, Vitamine 9 Valeurs nutritionnelles 1999 Veleur Energétique (Koa) 999 100 Acides gras saturés (g) 14 Acides gras monoinsaturés (g) 24 Acides gras polyinsaturés (g) 62 0 Glucide 0 3099 Vitamine 03 (1) 300 Lio Produit: HSB التنقية في : رقم Raffinée à : Agadi MAHGO 26.522.19 ليو منتوج التوضيب في : Conditionnée : MAHCO 25.84 19 2 Litres القيمة الغذائية FEE R",,soy,,,,,,,soy
4056489620938,Beurre de cacahuètes,fr,,,"100% cacahuètes grillées, Traces éventuelles de soja,",peanut,soy,,,,,,peanut,soy
6111032001010,DANONE ASSIL BANANE,fr,,,"يوغورت عاقد - ا سکر. قشدة، زبدة، نكهة، خمائر حليبية لليوغورت. م. د: %1.80 مصنوع ف خط قد يمكن أن يحتوي على الكلوتين و الفستوه رقم الاعتماد الصحي 0NSSA ؛ 2.1,13 LPL الوزن الصافي : 10 لمكونات حليب بدون قشدة، مسحوق الحليب بدون قشدة تصنوع خط قد 4e ستطرال - دانون - طريق قنيطردره تارية الإفتاج - تاريخ ادتهاء انعز وع 6با علي لا عو ر ek TT10322 OO TO",,tree_nut,,,,,,,tree_nut
3095757697105,Blanc de Poulet  - 25% de Sel*,fr,,,"Filet de poulet 94%, bouillons (eau, _céleri_, plantes aromatiques, oignon, épices, huile de tournesol), sel, jus concentré de _céleri_, dextrose de maïs, ferments, antioxydant : ascorbate de sodium, colorant : caramel ordinaire.",,,,,,,,,
5449000135544,Ciel 50cl,ar,,,96 Bleagbooates,,,,,,,,,
22314010025,Crème de marrons de l'Ardèche,fr,,,"Châtaignes (50%), sucre, marrons glacés (châtaignes (54,6%), sucre, sirop de glucose, extrait de vanille de Madagascar), extrait de vanille Madagascar.",tree_nut,,,,,,,tree_nut,
20022464,Extra Dark 74% Cocoa,en,,,"cocoa mass, sugar, cocoa butter, fat reduced cocoa powder, emulsifier: lecithins (soya), natural vanilla flavouring, dark chocolate contains: cocoa solids 74% minimum,",soy,wheat_gluten,,,,,,soy,wheat_gluten
8410076601131,Crunchy avoine et miel,fr,,,"Avoine complète (60%), sucre, huiles végétales, miel (3%), sel de cuisine (0,8%), mélasse (0,8%), lécithines, bicarbonate de sodium.","tree_nut, wheat_gluten","peanut, soy, tree_nut, wheat_gluten",,,,,,"tree_nut, wheat_gluten","peanut, soy, tree_nut, wheat_gluten"
3480341000674,Carré Frais 0% - Nature,fr,,,"Lait écrémé, sel, ferments lactiques.",milk,,,,,,,milk,
6153153,Tartines craquantes quinoa - pois chiche sans gluten,fr,,,"Farine de riz* semi-complet, farine de quinoa* 12%, farine de pois chiche* 9%, farine de maïs*, sel marin. *Produits issus de l'agriculture biologique. EN-Organic rice, quinoa, chickpeas and corn crispbread INGREDIENTS semi-whole rice flour*, quinoa flour* 12%, chickpeas flour* 9% corn flour* sag.calt",,,,,,,,,
6111021013208,Confiture De Fraises Aicha,fr,,,"Fraises, sucre, pectine de fruits, acidifiant : acide citrique",,tree_nut,,,,,,,tree_nut
6221007032540,Cerelac,fr,,,"المكولات : دقيق القمح، حليب خالي من الدسم، سكر، زيوت نباتية زيت بذور اللفت منخفض الإبروسيك زيت عباد الشمس، سكر مكرمل كاريونات الكالسيوم، مثبت : فوسفات ثنائي الصوديوم؛ فيتامينات C، نياسين، ب6، تيامين، حمض البانتوتنيك، A، ريبوفلافين، حمض الفوليك، K، D، بيوتين، ب12، فومارات الحديد، فانيلين، املاح معدنية كبريتات الزنك، يوديد البوتاسيوم، مستنبت البيفيدوس۔
 يحتوي على الفلوتين و الحليب.",,,,,,,,,
20150907,Cranberries,de,,,"66% Cranberries, 33,5 % Zucker, Sonnenblumenöl. Kann Spuren von Schalenfrüchten und Erdnüssen enthalten.",,"peanut, tree_nut",,,,,,,"peanut, tree_nut"
4056489367260,Mon p'tit plaisir,fr,,,"Fromage blanc (_lait_), protéines de _lait_, sel.",milk,,,,,,,milk,
5010477348517,Country Crisp 4 Baies,fr,,,"Céréales complètes (54%) (flocons d’avoine, farine d’avoine), sucre, flocons d’orge, huile végétale (huile de colza et de tournesol en proportions variables), farine de riz, baies lyophilisées (2,5%) (groseilles entières, cassis entiers, myrtilles entières, cranberries en tranches), noix de coco séchée, arôme naturel.",wheat_gluten,"tree_nut, wheat_gluten",,,,,,wheat_gluten,"tree_nut, wheat_gluten"
7622210724519,Chocolat noir Bio 70%,fr,,,"Pâte de cacao, sucre de canne, beurre de cacao, extrait de vanille.",,"milk, tree_nut",,,,,,,"milk, tree_nut"
75196001094,Whole Milk,en,,,"Milk, Vitamin D3",milk,,,,,,,milk,
6111266963283,,en,,,حليب طري كامل مسحوق الحليب بدون قشدة، مختر نشاء لاكتاز، خمائر حليبية مختارة,milk,,,,,,,milk,
8008698011065,MAESTRO VITAL - Pain aux graines tranché,en,,,"maize starch, sourdough 20% (rice flour, water), water, rice flour, sunflower seeds 6.6%, flax seeds 6.6%, vegetable fiber (psyllium), quinoa flour 2.9%, apple extract, sorghum flour 2.6%, yeast, sunflower oil, thickener: hydroxypropyl methylcellulose, chestnut flour 1.0%, iodized salt (salt, potassium iodide), natural flavor",,soy,,,,,,,soy
8886303210238,Lait de coco,fr,,,"Extrait de noix de coco fraîche (64%), eau, épaississants (Gomme xanthane, Gomme guar)",,,,,,,,,
3017760363990,Heudebert Fibre +,fr,,,"Farine de blé complète 58% (son de blé 9,5%, germe de blé 9,5%), farine de blé 30%, son de blé 7,5%, levure, huile de palme, gluten de blé, sirop de glucose-fructose, sucre, sel, farine de blé malté 0,7%, agent de traitement de la farine (acide ascorbique), amidon de blé, 
Peut contenir soja, lait, sésame,",wheat_gluten,"milk, sesame, soy",,,,,,wheat_gluten,"milk, sesame, soy"
3033490004521,Danone le nature 125 g x 4,fr,,,"LAIT partiellement écrémé à 1 % Mat. Gr. (94,7%), LAIT écrémé concentréou en poudre (5,2%), ferments lactiques (LAIT) LAIT : Origine France",milk,,,,,,,milk,
5411188115366,Alpro smooth subtle creamy oat,fr,,,"_Ovesná složka_ (pitná voda, oves (9,8%)]], rozpustná kukuřičná vláknina, slunečnicový olej, fosforečnan vápenatý, mořská sůl, stabilizátor (guma gellan), vitaminy (B2, B12, D2).",wheat_gluten,,,,,,,wheat_gluten,
3229820019604,Soja nature sans sucre ajouté bio,fr,,,"Tonyu (eau, fèves de soja 8%)",soy,,,,,,,soy,
3228857001378,Brioche moins de sucre,fr,,,"Farine de BLÉ 52,5%, eau, OEUFS frais 9%, huile de colza, sucre 8,5%, arôme (contient alcool), fibres (BLÉ, AVOINE), gluten de BLÉ, levure, sel, extraits végétaux à pouvoir colorant (curcuma, paprika), extrait d'acérola. Peut contenir des traces de LAIT, SOJA, FRUITS A COQUE, GRAINES DE SÉSAME.","egg, wheat_gluten","milk, sesame, soy, tree_nut",,,,,,"egg, wheat_gluten","milk, sesame, soy, tree_nut"
3451790988813,le beurre tendre,fr,,,"CREME (Origine France), matière grasse LAITIERE, sel (2%), ferments lactiques",milk,,,,,,,milk,
3523230028431,La bûche Sainte-Maure (Poitou-Charentes,fr,,,"Lait de chèvre pasteurisé (origine France), sel, ferments (dont lait).

Convient aux végétariens.",milk,,,,,,,milk,
20005733,Cerneaux de Noix,fr,,,"noix décortiquée
Traces éventuelles d'autres fruits à coque et d'arachides.",tree_nut,"peanut, tree_nut",,,,,,tree_nut,"peanut, tree_nut"
6111184007618,Sauce algérienne,fr,,,"Huile de colza, eau, sirop de glucose-fructose, piment en saumure (piment rouge fort, sel et vinaigre de table), vinaigre de table, oignon, sucre, jaune d'œufs, épaississant : amidon modifié, sel, concentré de tomate, moutarde, épices, concentré de citron, correcteurs d'acidité: (acide lactique, acide citrique ), stabilisant : gomme xanthane conservateurs:( sorbate de potassium, benzoate de sodium), arômes, oléorésine de capsicum, colorant: oléorésine de paprika et antioxydant: calcium disodium EDTA.",egg,,,,,,,egg,
6111032001003,Assil vanille,fr,,,"ليوغور م.د,%2. مصنوع إخط قد يمكن أن يحتوي على الگلوتين، الجوز والبندق. 2.",,milk,,,,,,,milk
3175681257566,Gerble Buscuit Citron Gingembre,fr,,,"farine complète de blé* 55,4%, farine de blé* semi-complète 19,4%, sucre de canne*, huile de tournesol oléique*, acide citrique, carbonates de sodium, huile essentielle de citron*, gingembre* en poudre.",wheat_gluten,"egg, milk, sesame, soy, tree_nut",,,,,,wheat_gluten,"egg, milk, sesame, soy, tree_nut"
3661344288690,CREME DESSERT BIO AU CHOCOLAT,fr,,,"LAIT entier pasteurisé et équitable (73%), chocolat* en poudre (12,5%) (sucre équitable (8,5%), cacao* en poudre équitable (4%)), creme* equitable (LAIT), sucre de canne* équitable, LAIT* écrémé en poudre, amidon, correcteur d'acidité (citrates de sodium).",milk,,,,,,,milk,
3161711001971,Fromage de France,en,,,"pasteurized cow's milk and cream from france, salt, lactic ferments (milk)",milk,,,,,,,milk,
3700214614259,Chocolat noir 75% Pérou,fr,,,"Pâte de cacao (Pérou), sucre de canne, beurre de cacao, gousse de vanille. Cacao: 75% minimum. Traces de soja, de lait et de fruits à coque.",,"milk, soy, tree_nut",,,,,,,"milk, soy, tree_nut"
3229820100234,Fourrés Chocolat Noir,fr,,,"Farine de blé* 41%, Chocolat noir* 22% (pâte de cacao*, sucre de canne&quot;, beurre de cacao&quot;), Sucre de canne* roux non raffiné, Farine complète de blé* 16%, Huile de tournesol oléique*, Arôme naturel de vanille, Lait écrémé en poudre, Sel de mer, carbonates d'ammonium, carbonates de sodium, gomme d'acacia*, extraits de romarin* Peut contenir du soja, des œufs, des fruits à coque, des graines de sésame et de la moutarde. *Ingrédients biologiques.","milk, soy, wheat_gluten","egg, sesame, soy, tree_nut",,,,,,"milk, soy, wheat_gluten","egg, sesame, soy, tree_nut"
781486100025,Whole Wheat Pocket Pita Bread,en,,,"Whole wheat flour, unbleached wheat flour, filtered water, yeast, salt, sugar, and vinegar",wheat_gluten,,,,,,,wheat_gluten,
4056489346357,"Boisson à l'amande, sans sucres",en,,,"water, 2,3% almonds', maltodextrins', sea salt, stabilizers: carob seed flour, gellanic gum, emulsifier: sunflower lecithin', natural aroma, 'from organic farming",tree_nut,tree_nut,,,,,,tree_nut,tree_nut
6111018903161,Nescafé Classic,fr,,,Good Food Godf Neste. تحدث إلي نستله 080 105 10 10 82 100 800 ig صنع من طرف نستله المغرب الطقة الصناعية الجديدة 2440 ONSSAN CTC 53-05-13 vasi ستورد من طرف نستله تونس لتوزيع، ب زغوان - تونس تورد من طرف نستله الجزائرش. درة الزوار - 1531 الجزائر www.nestlemaghreb.com NUTRITIONAL COMPASS علامة تجارية مسجلة لشركة,,,,,,,,,
3229820784946,Amande chocolat,fr,,,"Lait d'amandes* (eau, amandes* 2,2%), Sucre de canne*, Amidon de riz*, Cacao* dégraissé en poudre, Chocolat* 1% (sucre de canne*, pâte de cacao*, beurre de cacao*, extrait de vanille*), Stabilisants: gomme guar*, gomme xanthane, Sel marin. 

*Ingrédients biologiques.",tree_nut,tree_nut,,,,,,tree_nut,tree_nut
4337185452536,Cremeseife,de,,,"Aqua, Sodium Laureth Sulfate, Glycerin, Sodium Chloride, Cocamide DEA, Cocamidopropyl Betaine, Urea, Coco-Glucoside, Mel, Sine Adipe Lac, Glycol Distearate, Cocamide MEA, Parfum, Citric Acid, Sodium Benzoate, Potassium Sorbate, Sodium Sulfate, CI 47005, CI 16035",,,,,,,,,
3664346305990,Grand Arôme 32% de Cacao,fr,,,"Sucre, cacao maigre en poudre 32% minimum (11% de beurre de cacao), arôme.",,milk,,,,,,,milk
3229820787015,Amande sans sucres,fr,,,"Lait d'amandes (eau, amandes 2,8%), amidon de riz, arôme naturel d'amande, sel marin, stabilisants (gomme guar, gomme xanthane).",tree_nut,tree_nut,,,,,,tree_nut,tree_nut
3155251205524,Beurre tendre doux,fr,,,"Beurre (lain) (crème (origine France et UE), matière grasse laitière, ferments lactiques). Nos beurres Président sont fabriqués en Normandie ou en Bretagne. En moyenne sur l'année, les crèmes utilisées sont très majoritairement françaises. Il peut arriver que nous sélectionnions des crèmes origine UE pour couvrir nos besoins sans jamais transiger sur la qualité",milk,,,,,,,milk,
6111246953679,,ar,,,حليب بدون دسم، حليب كامل الدسم، 15غ/لتر من المادة الدسمة.,milk,,,,,,,milk,
3033491454080,SKYR,fr,,,"Lait écrémé, ferments lactiques (lait). Lait: Origine France",milk,,,,,,,milk,
5449000000996,Coca-Cola,es,,,"Agua carbonatada, azúcar, colorante (E-150d), acidulante (ácido fosfórico), aromas naturales (contiene cafeína).",,,,,,,,,
7394376616501,Haver barista edition,nl,,,"Water, HAVER 10%, koolzaadolie, zuurteregelaar (dikaliumfosfaat), mineralen (calcium - carbonaat, kalium - jodide), zout, vitaminen (D2, riboflavine, B12)",wheat_gluten,,,,,,,wheat_gluten,
8480000156624,Kéfir natural,es,,,"Leche desnatada pasteurizada y fermentos lacticos (incluidos fermentos kéfir),",milk,,,,,,,milk,
3083680901024,Ratatouille Cuisinée à la Provençal,fr,,,"Dès d'aubergines préfrites 25% (aubergines 22%, huile de tournesol), dès de courgettes 25%, purée de tomates mi-réduite 20%, oignons en dès 13%, poivrons rouges en dès 8%, double concentré de tomate 3%, huile d'olive vierge extra 2%, sucre 1,3%, sel, ail, jus concentré de citron, farine de BLE, thym 0.1%.",wheat_gluten,,,,,,,wheat_gluten,
3272770096942,Le goût primeur - Ligne & plaisir,fr,,,"Lait et crème pasteurisés (Origine : France), protéines du lait, sel,",milk,"milk, tree_nut",,,,,,milk,"milk, tree_nut"
3664346315371,Grand Arôme moins de sucres,en,,,"Sugar, fat-reduced cocoa powder (11 % cocoa butter) 47%, natural flavouring.",,milk,,,,,,,milk
54491472,Cola 500 Ml,en,,,"water, fructose-glucose syrup, carbon dioxide, colorant: e150d, acid: phosphoric acid, natural flavors, caffeine flavoring,",,,,,,,,,
7613035449626,NESTLE CHOCAPIC Céréales 645g,fr,,,"Farine de BLÉ complet 37,5 %, farine de BLÉ 18,5 %, chocolat en poudre 18,1 % (sucre, cacao en poudre*), semoule de maïs, sirop de glucose, extrait de malt d'ORGE (ORGE, ORGE malté), huile de tournesol, carbonate de calcium, sucre, farine d'ORGE malté, émulsifiant : lécithines ; sel, arômes naturels, fer, vitamines B3, B5, D, B6, B1, B2, B9. Peut contenir du LAIT et des FRUITS À COQUE. *Bilan massique certifié Rainforest Alliance. www.ra.org/fr. Nestlé achète une quantité de cacao certifié Rainforest Alliance équivalente à celle nécessaire pour ce produit.",wheat_gluten,"milk, tree_nut",,,,,,wheat_gluten,"milk, tree_nut"
5411188110835,"Alpro Mandeldrink, Original 1L",de,,,"Wasser, MANDELN (2,3%), Zucker, Calcium (Tricalciumphosphat), Meersalz, Stabilisatoren (Johannisbrotkernmehl, Gellan), Emulgator (Lecithine), natürliches Aroma, Vitamine (B2, B12, E, D2). Mandeln aus Spanien. Kann Spuren von Schalenfrüchten (keine Erdnüsse) enthalten.",tree_nut,tree_nut,,,,,,tree_nut,tree_nut
3178050000749,Huile d’olive vierge extra,fr,,,Huile d'olive de catégorie supérieure obtenue directement des olives et uniquement par des procédés mécaniques.,,,,,,,,,
6111242102781,Tendre nature,fr,,,"Lait frais, crème, sucre, poudre de lait écrémé, ferments lactiques,",milk,milk,,,,,,milk,milk
3168930159896,Ice Tea Pêche,fr,,,"Eau, sucre, fructose, acidifiants (acide citrique, acide malique), extrait de thé noir⁽¹⁾ (0,12%), jus de pêche à base de concentré (0,1%), correcteur d'acidité (citrate trisodique), arômes, antioxydant (acide ascorbique), édulcorant (Glycosides de stéviol issus de Stevia),⁽¹⁾ Certifié Rainforest Alliance.",,,,,,,,,
4025500287955,Kalinka Kefir Fettarm Mild Pur,de,,,Milch.,milk,,,,,,,milk,
3564707095723,Boisson au soja nature bio,fr,,,"Jus de soja** (eau, graines de soja** 8%). Pourcentage exprimé sur le jus de soja. ** Ingrédient issu de l'agriculture biologique.",soy,,,,,,,soy,
8410076472953,Wraps,fr,,,"farine de _blé_, eau, stabilisant : glycérol, huile de tournesol, émulsifiant : mono - et diglycérides d'acides gras, dextrose, poudres à lever : carbonate acide de sodium, diphosphate disodique , sel,",wheat_gluten,,,,,,,wheat_gluten,
5412514938253,,nl,,,"na E Torillas a hana de trigo Ing dientes: haTRIGO (65%) agua, eltes gras vegeles (acelte palma, te de nabinestabilizantes E466, gas cante (E450, E500), acnte wedlá (E296), con ervades (E282, E202), sal emulgente (71), fba de AVENA, agente de tratamiento da (E920). Envasado en atmósfera patectora. Conservar a temperatura amente. Una vez abiertas, consumir Inmetamente, o conservar por un máximo de 3 as, cubiertas en la nevera. te de - Tortillas de farine de blé rédients: farine de BLE (65%), eau, hulles ses végétales (huile de palme, hulle stabilisants (E422, E466, E412) poudres lever (E450, E500), acidifiant 2961 p servateurs (E282, E202), sel émulsifiant (E471), fibre d'AVOINE, agent de traitement de la farine (E920). Conditionné ous atmosphère protectrice. Conserver à mpérature ambiante. Après ouverture, Commer immédiatement ou les conser ver x. 3 jours couvertes dans le frigidaire cilje od pšeničnog brašna Sasta PŠENIČNO brašno (65%), voda, jina ulja i masnoće (palmino ulje, repičino e), stabilizatori (E422, E466, E412), tvari za ee rahljenje (E450, E500), kiselina (E296), konzer Vansi (E282, E202), sol, emulgator (E471) ZOBENA vlakna, tvar za tretiranje brašna (E920). Pakirano u kontroliranoj atmosfer Cuvati na sobnoj temperaturi. Nakon otvaranja potrošiti odmah ili čuvati pokriveno u hladnjaku najviše 3 dana. Distributer za HR: Action Croatia do.o, Ulica grada Vukovara 269, 10000 Zagreb, +38518848840 sifie ture. or in a IT-Tortillas con farina di frumento Ingredienti: farina di FRUMENTO (65%), acqua, oli e grassi vegetali (ollo di palma, olio di ravizzone), stabilizzanti (E422, E466, E412) agenti levitanti (E450, E500), acidificante (E296) conservanti (E282, E202) sale, emulsionante (E471) fibra di AVENA, agenti di trattamento della farina (E920). Confezionato in atmosfera protettiva Conservare a temperature ambiente. Una volta aperte, consumare subito o conservare in frigorifero per un massimo di 3 giorni tenendole coperte PT-Tortilha de farinha de trigo SK-T Zložen voda olej, m E46E kys Ingredientes: farinha de TRIGO (65) água, deos e gorduras vegetals (oleo de palma, oleo de nabirha estabilizadores (E422, E466, E412) levedantes (E450, E500), acidificante (E296), conservantes. (E282, E202), sal, emulsionante (E471) fibra de AVEIA agente de tratamento da farinha (E920) Embalado em atmosfera protetora. Conservara temperatura ambiente. Após a abertura consumir Bale Imediatamente ou conservar durante máx. 3 dias cobertas no frigorifico RO-Tortilla din faina de grau Ingrediente: faina de GRAU (85%) apa, uleturi şi grasimi vegetale (ulei de palmier, ulel vegetal de rapital stabilizatori (E422, E468, E4121 plantagenti de afinare (E450, E500), acidifiant (296) Pellicola: 7 (Plastica). Raccolta differenziata Verifica le disposizioni del tuo comune. NL-Tortillas van tarwebloem Ingredienter: TARWEBLOEM (65%) water, aardige oliën en vetten (palmolie, raapzaadolie) stabilisatoren (E422, E46, E412) rsmiddelen (E450, E500 voedingsauur (E296), conserveer middelen (£282, E202) zout, emulgator (E471) HAVERVEZEL, meelverbeteraan (E920) Verpakt onder beschermende atmosfeer. Bewaren op kamertemperatuur. Ne opening in de koelkast bewaren in gesloten verpakking gedurende maximum 3 dagen PL-Tortille z mąki pszennej Skladnikt: maka PSZENNA (65%) woda oleje i tluszcze roślinne (olej palmowy, olej rzepakowy), stabilizatory (E422, E466, E412) substancje spulchniająca (E450, E500), kwas (E296) substancje konserwująca (E282, E202) sol emulgator (E471) blomnik OWSIANY, środek do przetwarzania maki (E920) Pakowano watmosferze ochronnej. Przechowywać w temperaturze pokojowej. Po otwarciu natychmiast spożyć lub przechowywać pod przykryciem w lodówce nie dłużej niż 3 dnt CHE NAHRWERTE/AVERAGE NUTRITIONAL VALUES/INFORMACIÓN NUTRICIONAL MEDIA/ ES/PROSJEČNE HRANJIVE VRIJEDNOSTI/VALORI NUTRITIVI MEDI/ ARTOŚĆ ODŻYWCZA/VALORES NUTRICIONAIS MÉDIOS/ OVÉ ÚDAJE/POVPREČNA HRANILNA VREDNOST conservant (E282, E202), sare, emulsifiant (E471) fibre de",wheat_gluten,,,,,,,wheat_gluten,
6111266962651,lait,fr,,,lait demi-écrémé,milk,,,,,,,milk,
7340191173491,Choco Drink,nb,,,"Sukker, fettredusert kakaopulver* 18% (kakaobønner: Utenfor EU (Vest-Afrika og/eller Sør-Amerika)), dekstrose, emulgator (E 322), salt, aroma. Kan inneholde spor av melk. *Rainforest Alliance sertifisert, ra.org",,milk,,,,,,,milk
8411945200226,Filetes de caballa del sur,es,,,"Filetes de Caballa, aceite de girasol y sal.",fish,,,,,,,fish,
5038862130929,INFATIGABLEU,fr,,,"pommes 66%, eau de coco 18%, 15 raisins , goyave  5%, fruit de la passion , jus de citron vert 0.9%, extrait de spiruline 0.6%, vitamines (B6, B12,C,niacine,acide pantothénique,biotine, acide folique )",,,,,,,,,
3560070308316,Biscottes Complètes bio,fr,,,"Farine de _blé_ complet* 85%, huile végétale de tournesol*, sucre*, levure, sel, gluten de _blé_*, agent de traitement de la farine : acide ascorbique.
* Ingrédients issus de l'agriculture biologique.
Peut contenir des traces de fruits à coque, de lait, d'œufs et de graines de sésame.",wheat_gluten,"egg, milk, sesame, tree_nut",,,,,,wheat_gluten,"egg, milk, sesame, tree_nut"
3302740087042,Les Tranches Végé Pois chiches,fr,,,"Eau, pois chiches 19,6%, blanc d'œuf poudre, huile de colza, fécules, bouillon (eau, carottes, oignons, plantes aromatiques, céleri, sel, huile de colza, épices), extrait de plantes, sel, arômes naturels, conservateur: vinaigre tamponné, poivre, colorant: caramel ordinaire.",egg,,,,,,,egg,
6111246722084,cream-cheese,fr,,,"lait écrémé pasteurisé, crème pasteurisée, ferments lactiques, présure, sel",milk,,,,,,,milk,
5411188127697,Barista Hafer,de,,,"_Haferbasis_ (95,6%) (Wasser, _Hafer _(10%)), Sonnenblumenöl, Zichorienwurzelfasern, Erbsenprotein, Säureregulator (Kaliumphosphate), Meersalz, Vitamine B2, D2.",wheat_gluten,,,,,,,wheat_gluten,
6111250474191,vinaigre de table blanc,fr,,,Vinaigre de table,,,,,,,,,
6111032000624,Lait naturel,fr,,,lait entier uht,milk,,,,,,,milk,
