allergens_tags,code,ingredients_tags,ingredients_text,product_name,traces_tags
"['en:banana', 'en:milk']",6111242100992,"['en:cream', 'en:dairy', 'en:sugar', 'en:added-sugar', 'en:disaccharide', 'en:banana', 'en:fruit', 'en:bacteria']","milk cream, cream, sugar, banana, bacteria",Perly,[]
[],3046920029759,"['en:cocoa-paste', 'en:plant', 'en:cocoa', 'en:cocoa-butter', 'en:fat-reduced-cocoa-powder', 'en:cocoa-powder', 'en:sugar', 'en:added-sugar', 'en:disaccharide']","Cocoa mass, cocoa butter, low fat cocoa powder, sugar. May contain hazelnuts,",Edelbitter-Schokolade,['en:nuts']
"['en:milk', 'en:nuts']",3046920028004,"['en:cocoa-paste', 'en:plant', 'en:cocoa', 'en:sugar', 'en:added-sugar', 'en:disaccharide', 'en:cocoa-butter', 'en:vanilla', 'en:almond', 'en:nut', 'en:tree-nut', 'en:hazelnut', 'en:pistachio-nuts', 'en:milk', 'en:dairy']","Pasta de cacao, azúcar, manteca de cacao, vainilla, almendras, avellanas, pistachos, leche.",Lindt Excellence 70% Cocoa,"['en:milk', 'en:nuts', 'en:sesame-seeds', 'en:soybeans']"
"['en:gluten', 'en:milk', 'en:soybeans']",6111031005064,"['en:wheat-flour', 'en:cereal', 'en:flour', 'en:wheat', 'en:cereal-flour', 'en:sugar', 'en:added-sugar', 'en:disaccharide', 'en:non-hydrogenated-vegetable-oils', 'en:oil-and-fat', 'en:vegetable-oil-and-fat', 'en:vegetable-oil', 'en:whey-permeate', 'en:dairy', 'en:whey', 'en:fat-reduced-cocoa-powder', 'en:plant', 'en:cocoa', 'en:cocoa-powder', 'en:fat-reduced-cocoa', 'fr:e322-Lécithine de Soja', 'en:e500ii', 'en:e500', 'en:artificial-flavouring', 'en:flavouring', 'en:salt', 'en:soya', 'en:palm-oil', 'en:palm-oil-and-fat', 'en:vanillin']","Farine de Blé, Sucre, Huile Végétale Non-Hydrogénée (Palme), Perméat de Lactosérum (De Lait), Cacao Maigre en Poudre, Emulsifiant (E322-Lécithine de Soja), Poudre à Lever (E500ii), Arôme Artificiel (Vanilline), Sel. Contient: Lait, Blé (Gluten), Soja.",Tonik,[]
"['en:gluten', 'en:sesame-seeds']",3175680011480,"['en:wheat-flour', 'en:cereal', 'en:flour', 'en:wheat', 'en:cereal-flour', 'en:unrefined-cane-sugar', 'en:added-sugar', 'en:disaccharide', 'en:sugar', 'en:cane-sugar', 'en:unrefined-sugar', 'en:colza-oil', 'en:oil-and-fat', 'en:vegetable-oil-and-fat', 'en:rapeseed-oil', 'en:sesame', 'en:seed', 'en:wheat-germ', 'en:whole-wheat-flour', 'en:wholemeal-flour', 'en:natural-flavouring', 'en:flavouring', 'en:magnesium', 'en:minerals', 'en:emulsifier', 'en:raising-agent', 'en:sea-salt', 'en:salt', 'en:wheat-starch', 'en:starch', 'en:vitamins', 'en:vitamin-e', 'en:e375', 'en:vitamin-b6', 'en:thiamin', 'en:folic-acid', 'en:folate', 'en:e322', 'en:e336', 'en:e500', 'en:e503']","Farine de blé 57%, sucre de canne roux, huile de colza, sésame toasté 10,6%, germe de blé 5,4%, farine complète de blé 5,4%, arôme naturel, magnésium, émulsifiant : lécithines, poudres à lever (tartrates de potassium, carbonates de sodium, carbonates d'ammonium), sel de mer, amidon de blé, vitamines (E, PP, B6, B1, B9).

Fabriqué dans un atelier qui utilise des fruits à coque, du lait, du lupin, de la moutarde, des oeufs et du soja",Sésame,"['en:eggs', 'en:lupin', 'en:milk', 'en:mustard', 'en:nuts', 'en:soybeans']"
"['en:gluten', 'en:soybeans']",8410376009392,"['en:whole-wheat-flour', 'en:cereal', 'en:flour', 'en:wheat', 'en:cereal-flour', 'en:wholemeal-flour', 'en:wheat-flour', 'en:sweetener', 'en:vegetable-oil', 'en:oil-and-fat', 'en:vegetable-oil-and-fat', 'en:vegetable-fiber', 'en:fiber', 'en:pea-fiber', 'en:raising-agent', 'en:emulsifier', 'en:salt', 'en:flavouring', 'en:e965', 'en:sunflower-high-oleic', 'en:e500ii', 'en:e500', 'en:e503ii', 'en:e503', 'en:soya-lecithin', 'en:e322', 'en:e322i']","whole  wheat  flour 57,5 %, sweetener (maltitol), vegetable oil 16,5 % (sunflower high oleic), vegetable fibre 3,5 %, pea fiber 3,5 %, raising agents (sodium hydrogen carbonate and ammonium hydrogen carbonate), emulsifier ( soya  lecithin), salt, flavours,",Galletas,['en:milk']
[],3046920028363,"['en:cocoa-paste', 'en:plant', 'en:cocoa', 'en:fat-reduced-cocoa', 'en:cocoa-butter', 'en:brown-sugar', 'en:added-sugar', 'en:disaccharide', 'en:sugar', 'en:vanilla']","Pâte de cacao, cacao maigre, beurre de cacao, cassonade, vanille.",Excellence 85% Cacao Rich Dark,"['en:milk', 'en:nuts', 'en:sesame-seeds', 'en:soybeans']"
['en:soybeans'],20995553,"['en:cocoa-paste', 'en:plant', 'en:cocoa', 'en:fat-reduced-cocoa-powder', 'en:cocoa-powder', 'en:cocoa-butter', 'en:sugar', 'en:added-sugar', 'en:disaccharide', 'en:emulsifier', 'en:vanilla-extract', 'en:extract', 'en:vanilla', 'en:vegetable-extract', 'en:e322i', 'en:e322']","Какаова маса, нискомаслено какао на прах, какаово масло, захар, емулгатор: лецитин (соеви), екстракт от ванилия, Може да съдържа следи от ядки и мляко,",Шоколад 85% какаова маса,"['en:milk', 'en:nuts']"
['en:gluten'],3362600011044,"['en:wheat-flour', 'en:cereal', 'en:flour', 'en:wheat', 'en:cereal-flour', 'en:sugar', 'en:added-sugar', 'en:disaccharide', 'en:vegetable-fat', 'en:oil-and-fat', 'en:vegetable-oil-and-fat', 'en:invert-sugar', 'en:monosaccharide', 'en:raising-agent', 'en:salt', 'en:flavouring', 'en:e503ii', 'en:e503', 'en:e500ii', 'en:e500']","Farine de froment, sucre, graisse végétale, sucre inverti, agents levants ( bicarbonate d'ammonium - bicarbonate de sodium), sel, arome.",Henry’s,"['en:milk', 'en:soybeans']"
"['en:milk', 'en:nuts', 'en:soybeans']",8425197712024,"['en:sugar', 'en:added-sugar', 'en:disaccharide', 'es:grasa-vegetal-de-palmiste-parcialmente-hidrogenada', 'en:milk-powder', 'en:dairy', 'en:almond', 'en:nut', 'en:tree-nut', 'en:fat-reduced-cocoa-powder', 'en:plant', 'en:cocoa', 'en:cocoa-powder', 'en:whey-powder', 'en:whey', 'en:emulsifier', 'en:flavouring', 'en:soya-lecithin', 'en:e322', 'en:e322i', 'en:vanilla-flavouring']","Azúcar, Grasa vegetal de palmiste parcialmente hidrogenada, Leche en polvo, Almendras, Cacao desgrasado en polvo, suero lácteo en polvo, Emulgente (lecitina de soja), aroma (vainilla).",Chocolate con leche y almendras,[]
[],7622210578464,"['en:cocoa-paste', 'en:plant', 'en:cocoa', 'en:cane-sugar', 'en:added-sugar', 'en:disaccharide', 'en:sugar', 'en:cocoa-butter', 'en:vanilla-extract', 'en:extract', 'en:vanilla', 'en:vegetable-extract']","cocoa mass #, cane sugar #, cocoa butter #, vanilla extract #, may contain nuts, milk,",Organic 70% Dark Chocolate Bar,"['en:milk', 'en:nuts']"
[],6111259343108,"['fr:دقيقالقمح', 'fr:رقائق-الشوكولاته', 'fr:عجينة-زيت-النخلة-الكاكاو', 'fr:سكر', 'fr:دكستروز-و-مستحلب']",دقيقالقمح،رقائق الشوكولاته20%[عجينة زيت النخلة.الكاكاو،سكر،دكستروز و مستحلب,KING COOKIES,[]
"['en:gluten', 'en:milk']",3362600011228,"['en:wheat-flour', 'en:cereal', 'en:flour', 'en:wheat', 'en:cereal-flour', 'en:sugar', 'en:added-sugar', 'en:disaccharide', 'en:vegetable-fat', 'en:oil-and-fat', 'en:vegetable-oil-and-fat', 'en:coconut', 'en:fruit', 'en:milk-powder', 'en:dairy', 'en:whey-powder', 'en:whey', 'en:invert-sugar', 'en:monosaccharide', 'en:raising-agent', 'en:salt', 'en:flavouring', 'en:e503ii', 'en:e503', 'en:e500ii', 'en:e500']","Farine de _froment_, sucre, graisse végétale, noix de coco râpée, poudre de _lait_, poudre de _lactosérum_, sucre inverti, agents levants (bicarbonate d'ammonium - bicarbonate de Sodium), sel, arômes.",Sable coco Henry s 42g,['en:soybeans']
['en:gluten'],7300400481595,"['en:wholemeal-rye-flour', 'en:flour', 'en:cereal-flour', 'en:rye-flour', 'en:wholemeal-flour', 'en:yeast', 'en:salt']","Farine complète de SEIGLE (77 g*), farine de SEIGLE (28 g*), levure, sel. Peut contenir des traces de LUPIN, LAIT, MOUTARDE, GRAINES DE SÉSAME et SOJA. *en g pour 100 g de produit.",AUTHENTIQUE,"['en:lupin', 'en:milk', 'en:mustard', 'en:sesame-seeds', 'en:soybeans']"
[],3046920022651,"['en:cocoa-paste', 'en:plant', 'en:cocoa', 'en:sugar', 'en:added-sugar', 'en:disaccharide', 'en:cocoa-butter', 'en:vanilla']","Pâte de cacao, sucre, beurre de cacao, vanille.

Peut contenir des fruits à coque, du lait, du soja et des graines de sésame.",Excellence 70% cacao noir intense,"['en:milk', 'en:nuts', 'en:sesame-seeds', 'en:soybeans']"
[],5060042641000,"['en:potato', 'en:vegetable', 'en:root-vegetable', 'en:tuber', 'en:sunflower-oil', 'en:oil-and-fat', 'en:vegetable-oil-and-fat', 'en:vegetable-oil', 'en:sea-salt', 'en:salt']","Kartoffeln, Sonnenblumenöl, Meersalz.",Lightly sea salted crisps,['en:milk']
[],7622210584724,"['en:cocoa-paste', 'en:plant', 'en:cocoa', 'en:cocoa-butter', 'en:fat-reduced-cocoa-powder', 'en:cocoa-powder', 'en:cane-sugar', 'en:added-sugar', 'en:disaccharide', 'en:sugar', 'en:vanilla-extract', 'en:extract', 'en:vanilla', 'en:vegetable-extract']","pâte de cacao*, beurre de cacao*, cacao maigre en poudre*, sucre de canne*, extrait de vanille*, * ingrédients issus de l'agriculture biologique",Dark chocolate,"['en:milk', 'en:nuts']"
[],3046920022606,"['en:cocoa-paste', 'en:plant', 'en:cocoa', 'en:fat-reduced-cocoa', 'en:cocoa-butter', 'en:brown-sugar', 'en:added-sugar', 'en:disaccharide', 'en:sugar', 'en:vanilla']","Pâte de cacao, cacao maigre, beurre de cacao, cassonade, vanille",Excellence 85% cacao,"['en:milk', 'en:nuts', 'en:sesame-seeds', 'en:soybeans']"
"['en:gluten', 'en:milk', 'en:soybeans']",3229820100234,"['en:wheat-flour', 'en:cereal', 'en:flour', 'en:wheat', 'en:cereal-flour', 'en:dark-chocolate', 'en:chocolate', 'en:unrefined-cane-sugar', 'en:added-sugar', 'en:disaccharide', 'en:sugar', 'en:cane-sugar', 'en:unrefined-sugar', 'en:whole-wheat-flour', 'en:wholemeal-flour', 'en:high-oleic-sunflower-oil', 'en:oil-and-fat', 'en:vegetable-oil-and-fat', 'en:vegetable-oil', 'en:sunflower-oil', 'en:natural-vanilla-flavouring', 'en:flavouring', 'en:natural-flavouring', 'en:vanilla-flavouring', 'en:skimmed-milk-powder', 'en:dairy', 'en:milk-powder', 'en:sea-salt', 'en:salt', 'en:e503', 'en:e500', 'en:e414', 'en:cocoa-paste', 'en:plant', 'en:cocoa', 'en:cocoa-butter']","Farine de blé* 41%, Chocolat noir* 22% (pâte de cacao*, sucre de canne&quot;, beurre de cacao&quot;), Sucre de canne* roux non raffiné, Farine complète de blé* 16%, Huile de tournesol oléique*, Arôme naturel de vanille, Lait écrémé en poudre, Sel de mer, carbonates d'ammonium, carbonates de sodium, gomme d'acacia*, extraits de romarin* Peut contenir du soja, des œufs, des fruits à coque, des graines de sésame et de la moutarde. *Ingrédients biologiques.",Fourrés Chocolat Noir,"['en:eggs', 'en:mustard', 'en:nuts', 'en:sesame-seeds', 'en:soybeans']"
['en:soybeans'],20022464,"['en:cocoa-paste', 'en:plant', 'en:cocoa', 'en:sugar', 'en:added-sugar', 'en:disaccharide', 'en:cocoa-butter', 'en:fat-reduced-cocoa-powder', 'en:cocoa-powder', 'en:emulsifier', 'en:natural-vanilla-flavouring', 'en:flavouring', 'en:natural-flavouring', 'en:vanilla-flavouring', 'en:dark-chocolate', 'en:chocolate', 'en:e322', 'en:cocoa-solids']","cocoa mass, sugar, cocoa butter, fat reduced cocoa powder, emulsifier: lecithins (soya), natural vanilla flavouring, dark chocolate contains: cocoa solids 74% minimum,",Čokoláda 74%,"['en:gluten', 'en:Amande', 'en:Arachides', 'en:Avoine', 'en:Blé', 'en:Lait', 'en:Noisettes', 'en:Noix', 'en:Noix de cajou', 'en:Noix de macadamia', 'en:Noix de pécan', 'en:Noix du brésil', 'en:Orge', 'en:Pistaches', 'en:Seigle']"
